Godot Engine v4.6.3.stable.official.7d41c59c4 - https://godotengine.org

ERROR: Cannot open file 'res://.godot/imported/ResourceHanRoundedCN-Medium.ttf-36af00ef29b38bd979dbd423f874bb2c.fontdata'.
   at: load (core/io/resource_format_binary.cpp:1220)
ERROR: Failed loading resource: res://.godot/imported/ResourceHanRoundedCN-Medium.ttf-36af00ef29b38bd979dbd423f874bb2c.fontdata.
   at: _load (core/io/resource_loader.cpp:343)
ERROR: Failed loading resource: res://resources/font/ResourceHanRoundedCN-Medium.ttf.
   at: _load (core/io/resource_loader.cpp:343)
ERROR: Error loading custom project font 'res://resources/font/ResourceHanRoundedCN-Medium.ttf'
   at: initialize_theme (scene/theme/theme_db.cpp:79)
[   0% ] first_scan_filesystem | Started 项目初始化 (5 steps)
[   0% ] first_scan_filesystem | 正在扫描文件结构……
[  16% ] first_scan_filesystem | 正在加载全局类名……
[  33% ] first_scan_filesystem | 正在校验 GDExtension……
[  50% ] first_scan_filesystem | 正在创建自动加载脚本……
[  66% ] first_scan_filesystem | 正在初始化插件……
[  83% ] first_scan_filesystem | 正在启动文件扫描……
[ DONE ] first_scan_filesystem

[   0% ] update_scripts_classes | Started 正在注册全局类…… (542 steps)
[   0% ] update_scripts_classes | 
[   0% ] update_scripts_classes | 
[   0% ] update_scripts_classes | 
[   0% ] update_scripts_classes | 
[   0% ] update_scripts_classes | 
[   0% ] update_scripts_classes | 
[   1% ] update_scripts_classes | 
[   1% ] update_scripts_classes | 
[   1% ] update_scripts_classes | 
[   1% ] update_scripts_classes | 
[   1% ] update_scripts_classes | 
[   2% ] update_scripts_classes | 
[   2% ] update_scripts_classes | 
[   2% ] update_scripts_classes | 
[   2% ] update_scripts_classes | 
[   2% ] update_scripts_classes | 
[   2% ] update_scripts_classes | 
[   3% ] update_scripts_classes | 
[   3% ] update_scripts_classes | 
[   3% ] update_scripts_classes | 
[   3% ] update_scripts_classes | 
[   3% ] update_scripts_classes | 
[   4% ] update_scripts_classes | 
[   4% ] update_scripts_classes | BossConfig
[   4% ] update_scripts_classes | LinglanSkill2Config
[   4% ] update_scripts_classes | LinglanSkill3Config
[   4% ] update_scripts_classes | LinglanSkill4Config
[   4% ] update_scripts_classes | LinglanSkillConfig
[   5% ] update_scripts_classes | BuildingItemRegistry
[   5% ] update_scripts_classes | TowerDefenseProgressionConfig
[   5% ] update_scripts_classes | CollectibleRegistry
[   5% ] update_scripts_classes | DayCycleConfig
[   5% ] update_scripts_classes | CodexCatalog
[   6% ] update_scripts_classes | CodexEntryViewData
[   6% ] update_scripts_classes | CodexSection
[   6% ] update_scripts_classes | CodexStatRow
[   6% ] update_scripts_classes | CodexVisibilityProvider
[   6% ] update_scripts_classes | CodexVisibilityState
[   6% ] update_scripts_classes | EnemyCodexEntryConfig
[   7% ] update_scripts_classes | EnemyCodexRegistry
[   7% ] update_scripts_classes | CapooAK47Config
[   7% ] update_scripts_classes | CapooKnightConfig
[   7% ] update_scripts_classes | CapooMageConfig
[   7% ] update_scripts_classes | CapooRPGConfig
[   8% ] update_scripts_classes | CapooSMGConfig
[   8% ] update_scripts_classes | CapooSniperConfig
[   8% ] update_scripts_classes | CapooSwordsmanConfig
[   8% ] update_scripts_classes | CardboardMonsterConfig
[   8% ] update_scripts_classes | CardboardMonsterLargeConfig
[   9% ] update_scripts_classes | CombatRobotConfig
[   9% ] update_scripts_classes | CombatRobotDroneOperatorConfig
[   9% ] update_scripts_classes | CombatRobotDroneOperatorEliteConfig
[   9% ] update_scripts_classes | CombatRobotEliteConfig
[   9% ] update_scripts_classes | CombatRobotGunnerConfig
[   9% ] update_scripts_classes | CombatRobotGunnerEliteConfig
[  10% ] update_scripts_classes | CombatRobotMainBattleEliteConfig
[  10% ] update_scripts_classes | CombatRobotNinjaConfig
[  10% ] update_scripts_classes | CombatRobotNinjaEliteConfig
[  10% ] update_scripts_classes | CombatRobotShieldBearerConfig
[  10% ] update_scripts_classes | CombatRobotShieldBearerEliteConfig
[  11% ] update_scripts_classes | EnemyConfig
[  11% ] update_scripts_classes | EnemyDropRule
[  11% ] update_scripts_classes | EnemyDropTable
[  11% ] update_scripts_classes | FireSorcererConfig
[  11% ] update_scripts_classes | FireSorcererEliteConfig
[  11% ] update_scripts_classes | FrostSorcererConfig
[  12% ] update_scripts_classes | FrostSorcererEliteConfig
[  12% ] update_scripts_classes | LightningSorcererConfig
[  12% ] update_scripts_classes | LightningSorcererEliteConfig
[  12% ] update_scripts_classes | SlimeConfig
[  12% ] update_scripts_classes | StoneGolemConfig
[  13% ] update_scripts_classes | StoneGolemEliteConfig
[  13% ] update_scripts_classes | YuanshiInsectAuraConfig
[  13% ] update_scripts_classes | YuanshiInsectConfig
[  13% ] update_scripts_classes | YuanshiInsectFireRangedConfig
[  13% ] update_scripts_classes | YuanshiInsectGreenShellConfig
[  13% ] update_scripts_classes | YuanshiInsectGuardianConfig
[  14% ] update_scripts_classes | TowerDefenseFateOptionConfig
[  14% ] update_scripts_classes | TowerDefenseFateRegistry
[  14% ] update_scripts_classes | TowerDefensePermanentBuffConfig
[  14% ] update_scripts_classes | FlowExitConfig
[  14% ] update_scripts_classes | FlowGraphConfig
[  15% ] update_scripts_classes | FlowStepConfig
[  15% ] update_scripts_classes | RuntimeContentManifest
[  15% ] update_scripts_classes | AttackSpeedTowerConfig
[  15% ] update_scripts_classes | GrapeArcTowerConfig
[  15% ] update_scripts_classes | HydrangeaRainTowerConfig
[  16% ] update_scripts_classes | LifeTowerConfig
[  16% ] update_scripts_classes | OrangeChargingTowerConfig
[  16% ] update_scripts_classes | PlantDefenseConfig
[  16% ] update_scripts_classes | PlantDefenseRegistry
[  16% ] update_scripts_classes | SpeedTowerConfig
[  16% ] update_scripts_classes | PlayerCharacterConfig
[  17% ] update_scripts_classes | PlayerCharacterRegistry
[  17% ] update_scripts_classes | ProductionRecipe
[  17% ] update_scripts_classes | ProductionRecipeRegistry
[  17% ] update_scripts_classes | SimpleCraftingRegistry
[  17% ] update_scripts_classes | CompletedResearchEffects
[  18% ] update_scripts_classes | GlobalResearchAdditiveModifierEffect
[  18% ] update_scripts_classes | GlobalResearchConfig
[  18% ] update_scripts_classes | GlobalResearchEffect
[  18% ] update_scripts_classes | GlobalResearchEffectFormatter
[  18% ] update_scripts_classes | GlobalResearchEffectResolver
[  18% ] update_scripts_classes | GlobalResearchMultiplierModifierEffect
[  19% ] update_scripts_classes | GlobalResearchRecipeUnlockEffect
[  19% ] update_scripts_classes | GlobalResearchRegistry
[  19% ] update_scripts_classes | GlobalResearchTowerConditionalDamageBonusEffect
[  19% ] update_scripts_classes | GlobalResearchTowerOnHitSlowEffect
[  19% ] update_scripts_classes | GlobalResearchTowerOnHitTimedStatusEffect
[  20% ] update_scripts_classes | RogueCombatEncounterConfig
[  20% ] update_scripts_classes | RogueCombatPoolConfig
[  20% ] update_scripts_classes | RogueCombatPoolEntry
[  20% ] update_scripts_classes | RogueCombatRewardConfig
[  20% ] update_scripts_classes | RogueCombatRewardItemEntry
[  20% ] update_scripts_classes | RogueRouteFloorDefinition
[  21% ] update_scripts_classes | RogueRouteGenerationConfig
[  21% ] update_scripts_classes | RogueRouteNodeTypeConfig
[  21% ] update_scripts_classes | RogueRouteTemplateConfig
[  21% ] update_scripts_classes | RogueRouteWorldMetrics
[  21% ] update_scripts_classes | RogueUndergroundShopConfig
[  22% ] update_scripts_classes | RogueUndergroundShopListing
[  22% ] update_scripts_classes | WaveCampaignConfig
[  22% ] update_scripts_classes | WaveConfig
[  22% ] update_scripts_classes | WaveEnemyEntry
[  22% ] update_scripts_classes | ContentValidationContext
[  23% ] update_scripts_classes | DebugInventoryGrantCatalog
[  23% ] update_scripts_classes | PickupConfig
[  23% ] update_scripts_classes | RuntimeContentCatalog
[  23% ] update_scripts_classes | BossHealthHUD
[  23% ] update_scripts_classes | LinglanAirdropWarningMarker
[  23% ] update_scripts_classes | LinglanBoss
[  24% ] update_scripts_classes | LinglanBossIntroVFX
[  24% ] update_scripts_classes | LinglanBossRuntimePort
[  24% ] update_scripts_classes | LinglanSakuraHitEffect
[  24% ] update_scripts_classes | LinglanSakuraBullet
[  24% ] update_scripts_classes | LinglanSkill2SakuraExplosion
[  25% ] update_scripts_classes | LinglanSkill2SakuraRocket
[  25% ] update_scripts_classes | LinglanSkill3LightOrb
[  25% ] update_scripts_classes | LinglanSkill4LaserField
[  25% ] update_scripts_classes | LinglanSkill4LightOrb
[  25% ] update_scripts_classes | PlayerCharacterCard
[  25% ] update_scripts_classes | PlayerCharacterChoiceOverlay
[  26% ] update_scripts_classes | EnemyAttackAudioLimiter
[  26% ] update_scripts_classes | ExplosionAudioLimiter
[  26% ] update_scripts_classes | PlantAttackAudioLimiter
[  26% ] update_scripts_classes | SpatialAudioVoiceLimiter
[  26% ] update_scripts_classes | CollectibleAreaEffect
[  27% ] update_scripts_classes | CollectibleArrowProjectile
[  27% ] update_scripts_classes | CollectibleFrostAreaEffect
[  27% ] update_scripts_classes | CollectibleLightningEffect
[  27% ] update_scripts_classes | CollectibleMoonShield
[  27% ] update_scripts_classes | CollectibleMoonShieldVisual
[  27% ] update_scripts_classes | CollectibleSakuraExplosion
[  28% ] update_scripts_classes | CombatContactShapeProxy
[  28% ] update_scripts_classes | EnemyContactService
[  28% ] update_scripts_classes | EnemySimulationEvidenceRecorder
[  28% ] update_scripts_classes | RuntimePerformanceTelemetry
[  28% ] update_scripts_classes | CombatDamageAdmission
[  29% ] update_scripts_classes | CombatRelationService
[  29% ] update_scripts_classes | DamageNumberPool
[  29% ] update_scripts_classes | 
[  29% ] update_scripts_classes | EnemySpawnEffectBudget
[  29% ] update_scripts_classes | 
[  30% ] update_scripts_classes | WorldEffectVisibility
[  30% ] update_scripts_classes | GridPathfinder
[  30% ] update_scripts_classes | CompleteShapeQuery2D
[  30% ] update_scripts_classes | ProjectileShapeSweep2D
[  30% ] update_scripts_classes | PickupRegistryBase
[  30% ] update_scripts_classes | Pickup
[  31% ] update_scripts_classes | CombatPlayerRosterCoordinatorBase
[  31% ] update_scripts_classes | PlayerSnapshotEncoder
[  31% ] update_scripts_classes | SessionObjectPool
[  31% ] update_scripts_classes | CapooMageFireballPresenter
[  31% ] update_scripts_classes | CapooRPGRocketPresenter
[  32% ] update_scripts_classes | EnemyWarningPresentationSystem
[  32% ] update_scripts_classes | ExplosionPresentationService
[  32% ] update_scripts_classes | Bullet
[  32% ] update_scripts_classes | BulletHitEffect
[  32% ] update_scripts_classes | CombatFlowState
[  32% ] update_scripts_classes | CombatRuntimeBase
[  33% ] update_scripts_classes | WaveCombatRuntimeBase
[  33% ] update_scripts_classes | WaveEnemyTerminalLedger
[  33% ] update_scripts_classes | CapooMageFireballSimulationService
[  33% ] update_scripts_classes | CapooRPGRocketSimulationService
[  33% ] update_scripts_classes | EnemyCombatServices
[  34% ] update_scripts_classes | EnemySimulationCoordinator
[  34% ] update_scripts_classes | EnemySimulationPolicy
[  34% ] update_scripts_classes | ExplosionResolutionService
[  34% ] update_scripts_classes | FireSorcererVolleyPresenter
[  34% ] update_scripts_classes | FireSorcererVolleySimulationService
[  34% ] update_scripts_classes | ImmediateHitscanResolver
[  35% ] update_scripts_classes | RapidFireSimulationService
[  35% ] update_scripts_classes | RapidProjectilePresenter
[  35% ] update_scripts_classes | 
[  35% ] update_scripts_classes | 
[  35% ] update_scripts_classes | 
[  36% ] update_scripts_classes | 
[  36% ] update_scripts_classes | PeriodicDamageStatusScheduler
[  36% ] update_scripts_classes | 
[  36% ] update_scripts_classes | 
[  36% ] update_scripts_classes | CombatQueryFacade
[  37% ] update_scripts_classes | CombatTargetDescriptor
[  37% ] update_scripts_classes | CombatTargetIndex
[  37% ] update_scripts_classes | EnemyDamageableSpatialIndex
[  37% ] update_scripts_classes | EnemyTargetingState
[  37% ] update_scripts_classes | PlantObjectiveEnemyIndex
[  37% ] update_scripts_classes | PlantTargetSpatialIndex
[  38% ] update_scripts_classes | CombatAttackRegistry
[  38% ] update_scripts_classes | CombatTypes
[  38% ] update_scripts_classes | DamageBatchRequest
[  38% ] update_scripts_classes | DamageRequest
[  38% ] update_scripts_classes | DamageResolver
[  39% ] update_scripts_classes | DamageResult
[  39% ] update_scripts_classes | DamageSourceSnapshot
[  39% ] update_scripts_classes | DamageTargetProfile
[  39% ] update_scripts_classes | EnemyDefeatContext
[  39% ] update_scripts_classes | EncyclopediaDetailPanel
[  39% ] update_scripts_classes | EncyclopediaScreen
[  40% ] update_scripts_classes | EncyclopediaEntryCard
[  40% ] update_scripts_classes | CardboardMonster
[  40% ] update_scripts_classes | CardboardMonsterLarge
[  40% ] update_scripts_classes | StoneGolem
[  40% ] update_scripts_classes | StoneGolemElite
[  41% ] update_scripts_classes | CapooAK47
[  41% ] update_scripts_classes | CapooAK47Bullet
[  41% ] update_scripts_classes | CapooKnight
[  41% ] update_scripts_classes | CapooKnightSlashEffect
[  41% ] update_scripts_classes | CapooMage
[  41% ] update_scripts_classes | CapooMageFireball
[  42% ] update_scripts_classes | CapooMageFireballImpact
[  42% ] update_scripts_classes | CapooProjectileMotionSystem
[  42% ] update_scripts_classes | CapooRPG
[  42% ] update_scripts_classes | CapooRPGExplosion
[  42% ] update_scripts_classes | CapooRPGRocket
[  43% ] update_scripts_classes | CapooSMG
[  43% ] update_scripts_classes | CapooSniper
[  43% ] update_scripts_classes | CapooSniperLockReticle
[  43% ] update_scripts_classes | CapooSniperLockVisualCoordinator
[  43% ] update_scripts_classes | CapooSwordsman
[  44% ] update_scripts_classes | CombatRobot
[  44% ] update_scripts_classes | CombatRobotDroneMotionSystem
[  44% ] update_scripts_classes | CombatRobotDroneOperator
[  44% ] update_scripts_classes | CombatRobotGunner
[  44% ] update_scripts_classes | CombatRobotGunnerBullet
[  44% ] update_scripts_classes | CombatRobotMainBattleElite
[  45% ] update_scripts_classes | CombatRobotNinja
[  45% ] update_scripts_classes | CombatRobotShieldBearer
[  45% ] update_scripts_classes | CombatRobotSuicideDrone
[  45% ] update_scripts_classes | Slime
[  45% ] update_scripts_classes | GreenSlime
[  46% ] update_scripts_classes | FireSorcerer
[  46% ] update_scripts_classes | FireSorcererFireballVolley
[  46% ] update_scripts_classes | FrostSorcerer
[  46% ] update_scripts_classes | FrostSorcererIceSpike
[  46% ] update_scripts_classes | LightningSorcerer
[  46% ] update_scripts_classes | LightningSorcererLightningVfx
[  47% ] update_scripts_classes | GuardianAuraSystem
[  47% ] update_scripts_classes | 
[  47% ] update_scripts_classes | YuanshiInsect
[  47% ] update_scripts_classes | YuanshiInsectAura
[  47% ] update_scripts_classes | YuanshiInsectExploder
[  48% ] update_scripts_classes | YuanshiInsectFireProjectile
[  48% ] update_scripts_classes | YuanshiInsectFireRanged
[  48% ] update_scripts_classes | 
[  48% ] update_scripts_classes | CapooRangedEnemy
[  48% ] update_scripts_classes | Enemy
[  48% ] update_scripts_classes | EnemyHitEffect
[  49% ] update_scripts_classes | LayeredRangedEnemy
[  49% ] update_scripts_classes | ProjectileShieldArea
[  49% ] update_scripts_classes | SimpleChaseLayeredEnemy
[  49% ] update_scripts_classes | RoguePickupRegistry
[  49% ] update_scripts_classes | RoguePlayerRosterCoordinator
[  50% ] update_scripts_classes | RogueEmergencyRewardChoiceOverlay
[  50% ] update_scripts_classes | RogueEmergencyRewardSelectionSession
[  50% ] update_scripts_classes | RogueCombatGame
[  50% ] update_scripts_classes | RogueCombatHUD
[  50% ] update_scripts_classes | RogueCombatMultiplayerCoordinator
[  51% ] update_scripts_classes | RogueCombatResultOverlay
[  51% ] update_scripts_classes | RogueCombatRewardResolver
[  51% ] update_scripts_classes | RogueCombatSingleplayerCoordinator
[  51% ] update_scripts_classes | RogueCombatVictoryPresentation
[  51% ] update_scripts_classes | RogueEncounterChoiceCard
[  51% ] update_scripts_classes | RogueEncounterEconomyCoordinator
[  52% ] update_scripts_classes | RogueEncounterOverlay
[  52% ] update_scripts_classes | RogueEncounterRandom
[  52% ] update_scripts_classes | RogueEncounterRegistry
[  52% ] update_scripts_classes | RogueEncounterScene
[  52% ] update_scripts_classes | RogueEncounterSession
[  53% ] update_scripts_classes | RogueMultiplayerModeAdapter
[  53% ] update_scripts_classes | RogueRareChestEconomyCoordinator
[  53% ] update_scripts_classes | RogueRareChestRegistry
[  53% ] update_scripts_classes | RogueRareChestChoiceCard
[  53% ] update_scripts_classes | RogueRareChestOverlay
[  53% ] update_scripts_classes | RogueRareChestSession
[  54% ] update_scripts_classes | RogueRouteTopBar
[  54% ] update_scripts_classes | RogueEmergencyCombatBriefingAdapter
[  54% ] update_scripts_classes | RogueNormalCombatBriefingAdapter
[  54% ] update_scripts_classes | RogueRouteBoard
[  54% ] update_scripts_classes | RogueRouteCell
[  55% ] update_scripts_classes | RogueRouteConnections
[  55% ] update_scripts_classes | RogueRouteGame
[  55% ] update_scripts_classes | RogueRouteGenerator
[  55% ] update_scripts_classes | RogueRouteGraph
[  55% ] update_scripts_classes | RogueRouteInventoryStrip
[  55% ] update_scripts_classes | RogueRouteMoveConfirmation
[  56% ] update_scripts_classes | RogueRouteNodeBriefing
[  56% ] update_scripts_classes | RogueRouteNodeBriefingAdapter
[  56% ] update_scripts_classes | RogueRouteNodeBriefingModel
[  56% ] update_scripts_classes | RogueRouteRuntimeState
[  56% ] update_scripts_classes | RogueRouteWorld
[  57% ] update_scripts_classes | RogueRunDefeatOverlay
[  57% ] update_scripts_classes | RogueSceneTransition
[  57% ] update_scripts_classes | RogueSpecialCombatBriefingAdapter
[  57% ] update_scripts_classes | RogueUndergroundShopEconomyCoordinator
[  57% ] update_scripts_classes | RogueUndergroundShopOfferGenerator
[  58% ] update_scripts_classes | RogueUndergroundShopSession
[  58% ] update_scripts_classes | RogueUndergroundShopItemCard
[  58% ] update_scripts_classes | RogueUndergroundShopTransition
[  58% ] update_scripts_classes | RogueUndergroundShopView
[  58% ] update_scripts_classes | RogueUndergroundShopController
[  58% ] update_scripts_classes | RogueSupplyEconomyCoordinator
[  59% ] update_scripts_classes | RogueSupplyRandom
[  59% ] update_scripts_classes | RogueSupplyRegistry
[  59% ] update_scripts_classes | RogueSupplyChoiceCard
[  59% ] update_scripts_classes | RogueSupplyCollectibleCard
[  59% ] update_scripts_classes | RogueSupplyCollectibleChoicePanel
[  60% ] update_scripts_classes | RogueSupplyOverlay
[  60% ] update_scripts_classes | RogueSupplySession
[  60% ] update_scripts_classes | RoguePlayerProfilePanel
[  60% ] update_scripts_classes | StandardBossCoordinator
[  60% ] update_scripts_classes | StandardBossEncounterScope
[  60% ] update_scripts_classes | StandardLinglanBossRuntimePort
[  61% ] update_scripts_classes | StandardCampaignWaveCoordinator
[  61% ] update_scripts_classes | StandardMerchantCoordinator
[  61% ] update_scripts_classes | StandardMultiplayerModeAdapter
[  61% ] update_scripts_classes | StandardMusicCoordinator
[  61% ] update_scripts_classes | StandardPickupRegistry
[  62% ] update_scripts_classes | StandardPlayerRosterCoordinator
[  62% ] update_scripts_classes | StandardPrewarmerCoordinator
[  62% ] update_scripts_classes | StandardPlayerProfilePanel
[  62% ] update_scripts_classes | StandardWaveHUD
[  62% ] update_scripts_classes | StandardGame
[  62% ] update_scripts_classes | TowerDefenseBossCoordinator
[  63% ] update_scripts_classes | TowerDefenseLinglanBossRuntimePort
[  63% ] update_scripts_classes | TowerDefenseCampaignCoordinator
[  63% ] update_scripts_classes | TowerDefenseCampaignRuntimePort
[  63% ] update_scripts_classes | ProductionBuildingPanel
[  63% ] update_scripts_classes | ProductionBuildingProtocol
[  64% ] update_scripts_classes | ProductionCoordinator
[  64% ] update_scripts_classes | ResearchCenterPanel
[  64% ] update_scripts_classes | ResearchCoordinator
[  64% ] update_scripts_classes | OakWarehousePanel
[  64% ] update_scripts_classes | OakWarehouseProtocol
[  65% ] update_scripts_classes | SharedWarehouseLedgerBridge
[  65% ] update_scripts_classes | TowerDefenseEnemyCoordinator
[  65% ] update_scripts_classes | FateCoordinator
[  65% ] update_scripts_classes | TowerDefenseFateFlowCoordinator
[  65% ] update_scripts_classes | TowerDefenseFateManager
[  65% ] update_scripts_classes | XiaocongFateChoiceCard
[  66% ] update_scripts_classes | XiaocongFateChoiceOverlay
[  66% ] update_scripts_classes | XiaocongFateInterlude
[  66% ] update_scripts_classes | TowerDefenseHomeDefenseCoordinator
[  66% ] update_scripts_classes | LuoxiSpecialGameCoordinator
[  66% ] update_scripts_classes | LuoxiSpecialGameOverlay
[  67% ] update_scripts_classes | LuoxiSpecialGameRules
[  67% ] update_scripts_classes | LuoxiSpecialGameSession
[  67% ] update_scripts_classes | TowerDefenseLuoxiMerchant
[  67% ] update_scripts_classes | MpTowerEconomyCoordinator
[  67% ] update_scripts_classes | MpTowerFateCoordinator
[  67% ] update_scripts_classes | MpTowerWorldCoordinator
[  68% ] update_scripts_classes | TowerDefenseMultiplayerModeAdapter
[  68% ] update_scripts_classes | TowerPlantGameplayBridge
[  68% ] update_scripts_classes | TowerPlantGameplayPort
[  68% ] update_scripts_classes | TowerDefensePickupRegistry
[  68% ] update_scripts_classes | BambooMortarCombatSystem
[  69% ] update_scripts_classes | OrangeChargingAuraCoordinator
[  69% ] update_scripts_classes | PlantPlacementController
[  69% ] update_scripts_classes | PlantPlacementMarker
[  69% ] update_scripts_classes | PlantPlacementPreview
[  69% ] update_scripts_classes | PlantPlacementParticles
[  69% ] update_scripts_classes | PlantRemovalSmoke
[  70% ] update_scripts_classes | PlantSystem
[  70% ] update_scripts_classes | AttackSpeedTowerCoordinator
[  70% ] update_scripts_classes | LifeTowerHealthCoordinator
[  70% ] update_scripts_classes | SpeedTowerMoveSpeedCoordinator
[  70% ] update_scripts_classes | VegetationSpreadSystem
[  71% ] update_scripts_classes | TowerDefensePlantPlacementCoordinator
[  71% ] update_scripts_classes | TowerDefensePlantRuntimeCoordinator
[  71% ] update_scripts_classes | GrassHealingCoordinator
[  71% ] update_scripts_classes | TowerDefensePlayerRosterCoordinator
[  71% ] update_scripts_classes | TowerDefensePresentationCoordinator
[  72% ] update_scripts_classes | TowerDefensePrewarmerCoordinator
[  72% ] update_scripts_classes | TowerDefenseRogueExplorationCoordinator
[  72% ] update_scripts_classes | TowerRoguePlayerPersistentModifierProjector
[  72% ] update_scripts_classes | TestGrassArena
[  72% ] update_scripts_classes | TestGrassArenaP2
[  72% ] update_scripts_classes | TowerDefenseMinimap
[  73% ] update_scripts_classes | TowerDefenseMinimapCanvas
[  73% ] update_scripts_classes | TowerDefenseMinimapDynamicLayer
[  73% ] update_scripts_classes | TowerDefenseMinimapStaticLayer
[  73% ] update_scripts_classes | PlantSelectionCard
[  73% ] update_scripts_classes | PlantSelectionHUD
[  74% ] update_scripts_classes | DayPhaseAnnouncement
[  74% ] update_scripts_classes | TowerDefenseDayDial
[  74% ] update_scripts_classes | TowerDefensePlayerProfilePanel
[  74% ] update_scripts_classes | TowerDefenseStatusHUD
[  74% ] update_scripts_classes | TowerDefenseWaveHUD
[  74% ] update_scripts_classes | HomeGateController
[  75% ] update_scripts_classes | TowerDefenseGame
[  75% ] update_scripts_classes | GameModeCatalog
[  75% ] update_scripts_classes | GameModeDefinition
[  75% ] update_scripts_classes | DayNightController
[  75% ] update_scripts_classes | NightPointLight2D
[  76% ] update_scripts_classes | NightSelfEmissionParticles2D
[  76% ] update_scripts_classes | NightVfxFlash2D
[  76% ] update_scripts_classes | NightVfxFlashPool
[  76% ] update_scripts_classes | UndergroundChurchWallTorch
[  76% ] update_scripts_classes | 
[  76% ] update_scripts_classes | RuntimePreparationProvider
[  77% ] update_scripts_classes | LuoxiCollectibleChoiceOverlay
[  77% ] update_scripts_classes | LuoxiMerchant
[  77% ] update_scripts_classes | MerchantDialogueBubble
[  77% ] update_scripts_classes | ZhuangfangyiMerchant
[  77% ] update_scripts_classes | MerchantPurchaseResult
[  78% ] update_scripts_classes | MpCollectiblePresentationCoordinator
[  78% ] update_scripts_classes | MpEnemyCoordinator
[  78% ] update_scripts_classes | MultiplayerGameplayGateway
[  78% ] update_scripts_classes | MultiplayerGameplaySession
[  78% ] update_scripts_classes | MultiplayerModeAdapter
[  79% ] update_scripts_classes | MpMerchantTransactionsCoordinator
[  79% ] update_scripts_classes | MpNetworkDiagnosticsCoordinator
[  79% ] update_scripts_classes | MpPeerLedgerCoordinator
[  79% ] update_scripts_classes | MpPlayerCoordinator
[  79% ] update_scripts_classes | CapooDataProjectileSnapshotCodec
[  79% ] update_scripts_classes | EnemyRapidFireNetworkCodec
[  80% ] update_scripts_classes | MpProjectileCoordinator
[  80% ] update_scripts_classes | PublicRoomLeaseStore
[  80% ] update_scripts_classes | MultiplayerReconnectTypes
[  80% ] update_scripts_classes | MpSessionCoordinator
[  80% ] update_scripts_classes | MpTransactionsCoordinator
[  81% ] update_scripts_classes | 
[  81% ] update_scripts_classes | MpWorldFlowCoordinator
[  81% ] update_scripts_classes | BouncyNameDisplay
[  81% ] update_scripts_classes | BouncyNameLetter
[  81% ] update_scripts_classes | 
[  81% ] update_scripts_classes | MpRogueRoute
[  82% ] update_scripts_classes | 
[  82% ] update_scripts_classes | MultiplayerRuntimeMetrics
[  82% ] update_scripts_classes | 
[  82% ] update_scripts_classes | NetInterpolator
[  82% ] update_scripts_classes | NetManagerStore
[  83% ] update_scripts_classes | PeerReplayResultCache
[  83% ] update_scripts_classes | SnapshotManager
[  83% ] update_scripts_classes | GameplayPauseController
[  83% ] update_scripts_classes | PlantHealthBar
[  83% ] update_scripts_classes | ProductionOutputBubble
[  83% ] update_scripts_classes | AgaveCannon
[  84% ] update_scripts_classes | AgaveCannonball
[  84% ] update_scripts_classes | AttackSpeedTower
[  84% ] update_scripts_classes | BambooMortar
[  84% ] update_scripts_classes | BambooMortarShell
[  84% ] update_scripts_classes | CardinalConnectedPlant
[  85% ] update_scripts_classes | CornMachineGun
[  85% ] update_scripts_classes | DayNightProgressBorder
[  85% ] update_scripts_classes | Excavator
[  85% ] update_scripts_classes | GrapeArcTower
[  85% ] update_scripts_classes | HydrangeaRainTower
[  86% ] update_scripts_classes | LifeTower
[  86% ] update_scripts_classes | OakWarehouse
[  86% ] update_scripts_classes | OrangeChargingTower
[  86% ] update_scripts_classes | PlantingBase
[  86% ] update_scripts_classes | PlantAttackPhaseScheduler
[  86% ] update_scripts_classes | PlantCultivationCenter
[  87% ] update_scripts_classes | PlantDefense
[  87% ] update_scripts_classes | ProductionBuilding
[  87% ] update_scripts_classes | ProductionProgressBorderBuilding
[  87% ] update_scripts_classes | ResearchCenter
[  87% ] update_scripts_classes | SpeedTower
[  88% ] update_scripts_classes | StoneMill
[  88% ] update_scripts_classes | VegetationStake
[  88% ] update_scripts_classes | WaterCollector
[  88% ] update_scripts_classes | WoodProcessingStation
[  88% ] update_scripts_classes | HoeCatSnowWolfSwordOrbit
[  88% ] update_scripts_classes | PlayerHoeCat
[  89% ] update_scripts_classes | PlayerTango
[  89% ] update_scripts_classes | TangoElectricSurgeField
[  89% ] update_scripts_classes | TangoLaserBullet
[  89% ] update_scripts_classes | PlayerTiyi
[  89% ] update_scripts_classes | TiyiHighNoonLockLines
[  90% ] update_scripts_classes | TiyiSniperBullet
[  90% ] update_scripts_classes | TiyiSniperHitEffect
[  90% ] update_scripts_classes | PlayerAmmoBar
[  90% ] update_scripts_classes | PlayerAttackIntervalBar
[  90% ] update_scripts_classes | 
[  90% ] update_scripts_classes | Skill1ChargeBar
[  91% ] update_scripts_classes | PlayerVehicle
[  91% ] update_scripts_classes | PlayerWeishidaier
[  91% ] update_scripts_classes | WeishidaierSkill1Bomb
[  91% ] update_scripts_classes | WeishidaierSkill1Explosion
[  91% ] update_scripts_classes | AmmoRangedPlayer
[  92% ] update_scripts_classes | Player
[  92% ] update_scripts_classes | PlayerPersistentModifierProjector
[  92% ] update_scripts_classes | MirageMap
[  92% ] update_scripts_classes | 
[  92% ] update_scripts_classes | 
[  93% ] update_scripts_classes | 
[  93% ] update_scripts_classes | 
[  93% ] update_scripts_classes | 
[  93% ] update_scripts_classes | PvpHUD
[  93% ] update_scripts_classes | 
[  93% ] update_scripts_classes | 
[  94% ] update_scripts_classes | MiragePvp
[  94% ] update_scripts_classes | PvpPlayer
[  94% ] update_scripts_classes | PvpProjectile
[  94% ] update_scripts_classes | PvpRules
[  94% ] update_scripts_classes | PvpVisibility
[  95% ] update_scripts_classes | PvpWeaponPickup
[  95% ] update_scripts_classes | GlobalRuntimePolicyLeaseStore
[  95% ] update_scripts_classes | 
[  95% ] update_scripts_classes | 
[  95% ] update_scripts_classes | SettingsPanel
[  95% ] update_scripts_classes | DualGridTilemap
[  96% ] update_scripts_classes | TestArenaChoiceOverlay
[  96% ] update_scripts_classes | 
[  96% ] update_scripts_classes | CraftingMaterialProvider
[  96% ] update_scripts_classes | CraftingResearchStateProvider
[  96% ] update_scripts_classes | SimpleCraftingItemSlot
[  97% ] update_scripts_classes | SimpleCraftingPanel
[  97% ] update_scripts_classes | DebugCollectibleWindow
[  97% ] update_scripts_classes | DialogueTypewriterController
[  97% ] update_scripts_classes | CurrencyHUD
[  97% ] update_scripts_classes | 
[  97% ] update_scripts_classes | InventorySlot
[  98% ] update_scripts_classes | BasicPlayerProfilePanel
[  98% ] update_scripts_classes | PlayerInventoryView
[  98% ] update_scripts_classes | PlayerStatsView
[  98% ] update_scripts_classes | UpgradeProgressBlock
[  98% ] update_scripts_classes | UpgradeRow
[  99% ] update_scripts_classes | PlayerLifeStatusHUD
[  99% ] update_scripts_classes | VehicleModeChoiceOverlay
[  99% ] update_scripts_classes | MainMenu
[  99% ] update_scripts_classes | RunStateStore
[ DONE ] update_scripts_classes

[   0% ] _update_scan_actions | Started 正在扫描动作…… (624 steps)
[   0% ] _update_scan_actions | admin_doll.png
[   0% ] _update_scan_actions | amethyst.png
[   0% ] _update_scan_actions | emerald.png
[   0% ] _update_scan_actions | frost_crystal.png
[   0% ] _update_scan_actions | gold_wine_cup.png
[   0% ] _update_scan_actions | gray_gem.png
[   0% ] _update_scan_actions | life_crystal.png
[   1% ] _update_scan_actions | life_ring.png
[   1% ] _update_scan_actions | magic_ring.png
[   1% ] _update_scan_actions | moon_amulet.png
[   1% ] _update_scan_actions | physical_ring.png
[   1% ] _update_scan_actions | power_ring.png
[   1% ] _update_scan_actions | ruby.png
[   2% ] _update_scan_actions | speed_ring.png
[   2% ] _update_scan_actions | swift_crystal.png
[   2% ] _update_scan_actions | thunder_crystal.png
[   2% ] _update_scan_actions | tianshi_stake.png
[   2% ] _update_scan_actions | topaz.png
[   2% ] _update_scan_actions | collectible_expansion_audit.png
[   3% ] _update_scan_actions | collectible_icon_audit.png
[   3% ] _update_scan_actions | collectible_icon_processed_preview.png
[   3% ] _update_scan_actions | countdown_tick.wav
[   3% ] _update_scan_actions | day_phase_announcement_dong.wav
[   3% ] _update_scan_actions | dialogue_blip.wav
[   3% ] _update_scan_actions | home_gate_double_warning.wav
[   4% ] _update_scan_actions | rogue_combat_victory.wav
[   4% ] _update_scan_actions | rogue_shop_purchase_success.wav
[   4% ] _update_scan_actions | ui_click.wav
[   4% ] _update_scan_actions | wave_start.wav
[   4% ] _update_scan_actions | xiaocong_transition_cover.wav
[   4% ] _update_scan_actions | xiaocong_transition_reveal.wav
[   4% ] _update_scan_actions | 1-27 Journey of the Prairie King (Overworld).mp3
[   5% ] _update_scan_actions | 1-28 Journey of the Prairie King (The Outlaw).mp3
[   5% ] _update_scan_actions | 1-29 Journey of the Prairie King (Final Boss & Ending).mp3
[   5% ] _update_scan_actions | BGM_The_Truth_Never_Spoken.mp3
[   5% ] _update_scan_actions | capoo_ak47_fire.wav
[   5% ] _update_scan_actions | capoo_mage_fireball_cast.wav
[   5% ] _update_scan_actions | capoo_mage_fireball_impact.wav
[   6% ] _update_scan_actions | capoo_rpg_launch.wav
[   6% ] _update_scan_actions | capoo_smg_fire.wav
[   6% ] _update_scan_actions | capoo_sniper_fire.wav
[   6% ] _update_scan_actions | capoo_sword_slash_heavy.wav
[   6% ] _update_scan_actions | capoo_sword_slash_light.wav
[   6% ] _update_scan_actions | combat_robot_main_battle_elite_death.wav
[   7% ] _update_scan_actions | combat_robot_main_battle_elite_hit_a.wav
[   7% ] _update_scan_actions | combat_robot_main_battle_elite_hit_b.wav
[   7% ] _update_scan_actions | combat_robot_main_battle_elite_normal_double_slash.wav
[   7% ] _update_scan_actions | combat_robot_main_battle_elite_normal_windup.wav
[   7% ] _update_scan_actions | combat_robot_main_battle_elite_skill1_charge.wav
[   7% ] _update_scan_actions | combat_robot_main_battle_elite_skill1_circle_slash.wav
[   8% ] _update_scan_actions | combat_robot_main_battle_elite_skill1_dash.wav
[   8% ] _update_scan_actions | combat_robot_main_battle_elite_skill2_drop_bilateral_slash.wav
[   8% ] _update_scan_actions | combat_robot_main_battle_elite_skill2_takeoff.wav
[   8% ] _update_scan_actions | combat_robot_main_battle_elite_stomp_a.wav
[   8% ] _update_scan_actions | combat_robot_main_battle_elite_stomp_b.wav
[   8% ] _update_scan_actions | cowboy_dead.wav
[   8% ] _update_scan_actions | cowboy_explosion.wav
[   9% ] _update_scan_actions | Cowboy_Footstep.wav
[   9% ] _update_scan_actions | cowboy_gopher.wav
[   9% ] _update_scan_actions | cowboy_gunload.wav
[   9% ] _update_scan_actions | Cowboy_gunshot.wav
[   9% ] _update_scan_actions | cowboy_monsterdie.wav
[   9% ] _update_scan_actions | cowboy_monsterhit.wav
[  10% ] _update_scan_actions | cowboy_powerup.wav
[  10% ] _update_scan_actions | Cowboy_Secret.wav
[  10% ] _update_scan_actions | grape_arc_zap.wav
[  10% ] _update_scan_actions | hoe_cat_sword_slash_light.wav
[  10% ] _update_scan_actions | hydrangea_rain_cast.wav
[  10% ] _update_scan_actions | lucky_gem_upgrade_triad.wav
[  11% ] _update_scan_actions | plant_collapse.wav
[  11% ] _update_scan_actions | plant_placement.wav
[  11% ] _update_scan_actions | rogue_route_cave.ogg
[  11% ] _update_scan_actions | shenmu_combat_starting.ogg
[  11% ] _update_scan_actions | shenmu_forest_combat.ogg
[  11% ] _update_scan_actions | shenmu_forest_intermission.ogg
[  12% ] _update_scan_actions | shenmu_swamp_combat.ogg
[  12% ] _update_scan_actions | shenmu_swamp_intermission.ogg
[  12% ] _update_scan_actions | shenmu_town_combat.ogg
[  12% ] _update_scan_actions | shenmu_town_intermission.ogg
[  12% ] _update_scan_actions | tango_charge.wav
[  12% ] _update_scan_actions | tango_electric_surge_cast.wav
[  12% ] _update_scan_actions | tango_laser_fire.wav
[  13% ] _update_scan_actions | tango_unit_converge.wav
[  13% ] _update_scan_actions | tango_unit_return.wav
[  13% ] _update_scan_actions | yuanshi_insect_fire_attack.wav
[  13% ] _update_scan_actions | GNU-Unifont-17.0.05.otf
[  13% ] _update_scan_actions | IPix.ttf
[  13% ] _update_scan_actions | NotoSansHans-Black.otf
[  14% ] _update_scan_actions | ResourceHanRoundedCN-Medium.ttf
[  14% ] _update_scan_actions | planting_base_hotspots.svg
[  14% ] _update_scan_actions | plant_cultivation_center_hotspots.svg
[  14% ] _update_scan_actions | research_center_hotspots.svg
[  14% ] _update_scan_actions | dirt_clay_details_16.png
[  14% ] _update_scan_actions | dirt_clay_details_32.png
[  15% ] _update_scan_actions | dual_grid_alpha_masks_16.png
[  15% ] _update_scan_actions | dual_grid_alpha_masks_32.png
[  15% ] _update_scan_actions | grass_flower_details_16.png
[  15% ] _update_scan_actions | grass_flower_details_32.png
[  15% ] _update_scan_actions | gray_metal_floor_dual_grid_atlas_16.png
[  15% ] _update_scan_actions | gray_metal_floor_dual_grid_atlas_32.png
[  16% ] _update_scan_actions | gray_metal_floor_reference_tile_32.png
[  16% ] _update_scan_actions | meadow_grass_dual_grid_atlas_16.png
[  16% ] _update_scan_actions | meadow_grass_dual_grid_atlas_32.png
[  16% ] _update_scan_actions | sky_blue_water_dual_grid_animation_16.png
[  16% ] _update_scan_actions | sky_blue_water_dual_grid_animation_32.png
[  16% ] _update_scan_actions | sky_blue_water_dual_grid_atlas_16.png
[  16% ] _update_scan_actions | sky_blue_water_dual_grid_atlas_32.png
[  17% ] _update_scan_actions | sky_blue_water_reference_tile_32.png
[  17% ] _update_scan_actions | terrain_dual_grid_placeholders_16.png
[  17% ] _update_scan_actions | terrain_dual_grid_placeholders_32.png
[  17% ] _update_scan_actions | tilled_soil_dual_grid_atlas_16.png
[  17% ] _update_scan_actions | tilled_soil_dual_grid_atlas_32.png
[  17% ] _update_scan_actions | tilled_soil_full_tile_16.png
[  18% ] _update_scan_actions | attack backup.png
[  18% ] _update_scan_actions | attack.png
[  18% ] _update_scan_actions | die.png
[  18% ] _update_scan_actions | health_fill.png
[  18% ] _update_scan_actions | health_frame.png
[  18% ] _update_scan_actions | idle.png
[  19% ] _update_scan_actions | move.png
[  19% ] _update_scan_actions | nameplate.png
[  19% ] _update_scan_actions | sakura_convergence.png
[  19% ] _update_scan_actions | sakura_petal.png
[  19% ] _update_scan_actions | skill1_sakura_bullet.png
[  19% ] _update_scan_actions | skill2_sakura_explosion.png
[  20% ] _update_scan_actions | skill2_sakura_rocket.png
[  20% ] _update_scan_actions | admin_doll.png
[  20% ] _update_scan_actions | alchemist_vial.png
[  20% ] _update_scan_actions | amethyst.png
[  20% ] _update_scan_actions | apprentice_scroll.png
[  20% ] _update_scan_actions | archer.png
[  20% ] _update_scan_actions | archer_sigil.png
[  21% ] _update_scan_actions | auto_loader.png
[  21% ] _update_scan_actions | banana.png
[  21% ] _update_scan_actions | basketball.png
[  21% ] _update_scan_actions | battle_standard.png
[  21% ] _update_scan_actions | blink_crystal.png
[  21% ] _update_scan_actions | blood_trident.png
[  22% ] _update_scan_actions | blue_mushroom.png
[  22% ] _update_scan_actions | blue_quartz.png
[  22% ] _update_scan_actions | bone_needle.png
[  22% ] _update_scan_actions | campfire_coal.png
[  22% ] _update_scan_actions | candle_stub.png
[  22% ] _update_scan_actions | capacity_spring.png
[  23% ] _update_scan_actions | celestial_ring.png
[  23% ] _update_scan_actions | charged_jade_pendant.png
[  23% ] _update_scan_actions | chipped_ruby.png
[  23% ] _update_scan_actions | clay_totem.png
[  23% ] _update_scan_actions | copper_gear.png
[  23% ] _update_scan_actions | copper_sword.png
[  24% ] _update_scan_actions | crystal_compass.png
[  24% ] _update_scan_actions | dragon_heart.png
[  24% ] _update_scan_actions | drum_magazine.png
[  24% ] _update_scan_actions | dual_ammo_chamber.png
[  24% ] _update_scan_actions | dual_row_feeder.png
[  24% ] _update_scan_actions | echo_drum.png
[  24% ] _update_scan_actions | eclipse_amulet.png
[  25% ] _update_scan_actions | ember_leaf.png
[  25% ] _update_scan_actions | emerald.png
[  25% ] _update_scan_actions | extended_magazine.png
[  25% ] _update_scan_actions | flame_trident.png
[  25% ] _update_scan_actions | flying_envelope.png
[  25% ] _update_scan_actions | fox_coin.png
[  26% ] _update_scan_actions | frost_crystal.png
[  26% ] _update_scan_actions | frost_totem.png
[  26% ] _update_scan_actions | glacier_orb.png
[  26% ] _update_scan_actions | glass_marble.png
[  26% ] _update_scan_actions | goat_horn.png
[  26% ] _update_scan_actions | gold_apple.png
[  27% ] _update_scan_actions | gold_wine_cup.png
[  27% ] _update_scan_actions | gray_gem.png
[  27% ] _update_scan_actions | guardian_badge.png
[  27% ] _update_scan_actions | gun_oil.png
[  27% ] _update_scan_actions | heavy_gauntlet.png
[  27% ] _update_scan_actions | herbal_bundle.png
[  28% ] _update_scan_actions | high_speed_loader.png
[  28% ] _update_scan_actions | hunters_bow.png
[  28% ] _update_scan_actions | ironwood_seed.png
[  28% ] _update_scan_actions | iron_dagger.png
[  28% ] _update_scan_actions | jade_fish.png
[  28% ] _update_scan_actions | kingslayer_blade.png
[  28% ] _update_scan_actions | leaf_cloak.png
[  29% ] _update_scan_actions | life_crystal.png
[  29% ] _update_scan_actions | life_ring.png
[  29% ] _update_scan_actions | lucky_gem.png
[  29% ] _update_scan_actions | magic_ring.png
[  29% ] _update_scan_actions | medieval_shield.png
[  29% ] _update_scan_actions | mirror_shield.png
[  30% ] _update_scan_actions | moon_amulet.png
[  30% ] _update_scan_actions | moon_pin.png
[  30% ] _update_scan_actions | moss_agate.png
[  30% ] _update_scan_actions | nine_eleven.png
[  30% ] _update_scan_actions | obsidian_key.png
[  30% ] _update_scan_actions | oil_lamp.png
[  31% ] _update_scan_actions | oracle_cube.png
[  31% ] _update_scan_actions | orange.png
[  31% ] _update_scan_actions | pebble_shield.png
[  31% ] _update_scan_actions | philosopher_stone.png
[  31% ] _update_scan_actions | phoenix_feather.png
[  31% ] _update_scan_actions | physical_ring.png
[  32% ] _update_scan_actions | pocket_anvil.png
[  32% ] _update_scan_actions | power_ring.png
[  32% ] _update_scan_actions | power_wheel.png
[  32% ] _update_scan_actions | prism_lens.png
[  32% ] _update_scan_actions | pure_charge_crystal.png
[  32% ] _update_scan_actions | quick_feather.png
[  32% ] _update_scan_actions | quick_load_belt.png
[  33% ] _update_scan_actions | rain_bead.png
[  33% ] _update_scan_actions | red_mushroom.png
[  33% ] _update_scan_actions | river_shell.png
[  33% ] _update_scan_actions | roller_skates.png
[  33% ] _update_scan_actions | royal_goblet.png
[  33% ] _update_scan_actions | ruby.png
[  34% ] _update_scan_actions | ruby_crown.png
[  34% ] _update_scan_actions | runed_book.png
[  34% ] _update_scan_actions | rusty_helm.png
[  34% ] _update_scan_actions | sakura.png
[  34% ] _update_scan_actions | salt_charm.png
[  34% ] _update_scan_actions | sapphire_ring.png
[  35% ] _update_scan_actions | silver_mask.png
[  35% ] _update_scan_actions | simple_magazine.png
[  35% ] _update_scan_actions | spark_bottle.png
[  35% ] _update_scan_actions | speed_ring.png
[  35% ] _update_scan_actions | spellblade.png
[  35% ] _update_scan_actions | steel_longsword.png
[  36% ] _update_scan_actions | stone_tablet.png
[  36% ] _update_scan_actions | storm_core.png
[  36% ] _update_scan_actions | sun_brooch.png
[  36% ] _update_scan_actions | sun_moon_relic.png
[  36% ] _update_scan_actions | swift_boot.png
[  36% ] _update_scan_actions | swift_crystal.png
[  36% ] _update_scan_actions | tarnished_medal.png
[  37% ] _update_scan_actions | thorn_shield.png
[  37% ] _update_scan_actions | thunder_crown.png
[  37% ] _update_scan_actions | thunder_crystal.png
[  37% ] _update_scan_actions | thunder_god_idol.png
[  37% ] _update_scan_actions | tianshi_stake.png
[  37% ] _update_scan_actions | tiny_bell.png
[  38% ] _update_scan_actions | tin_ring.png
[  38% ] _update_scan_actions | titan_helm.png
[  38% ] _update_scan_actions | topaz.png
[  38% ] _update_scan_actions | topaz_chip.png
[  38% ] _update_scan_actions | training_arrow.png
[  38% ] _update_scan_actions | triple_ammo_chamber.png
[  39% ] _update_scan_actions | void_crown.png
[  39% ] _update_scan_actions | warm_bread.png
[  39% ] _update_scan_actions | wind_charm.png
[  39% ] _update_scan_actions | wooden_buckler.png
[  39% ] _update_scan_actions | wool_charm.png
[  39% ] _update_scan_actions | world_seed.png
[  40% ] _update_scan_actions | battle_spirit_potion.png
[  40% ] _update_scan_actions | focus_potion.png
[  40% ] _update_scan_actions | guardian_mixture.png
[  40% ] _update_scan_actions | healing_potion.png
[  40% ] _update_scan_actions | large_healing_potion.png
[  40% ] _update_scan_actions | large_magic_resistance_potion.png
[  40% ] _update_scan_actions | large_regeneration_potion.png
[  41% ] _update_scan_actions | large_rock_potion.png
[  41% ] _update_scan_actions | large_skill_charge_battery.png
[  41% ] _update_scan_actions | magic_resistance_potion.png
[  41% ] _update_scan_actions | phantom_potion.png
[  41% ] _update_scan_actions | regeneration_potion.png
[  41% ] _update_scan_actions | rock_potion.png
[  42% ] _update_scan_actions | sea_cucumber.png
[  42% ] _update_scan_actions | skill_charge_battery.png
[  42% ] _update_scan_actions | void_battery.png
[  42% ] _update_scan_actions | windwalk_potion.png
[  42% ] _update_scan_actions | frost_area_vfx.png
[  42% ] _update_scan_actions | moon_shield_vfx.png
[  43% ] _update_scan_actions | thunder_lightning_vfx.png
[  43% ] _update_scan_actions | cardboard_monster.png
[  43% ] _update_scan_actions | cardboard_monster_large.png
[  43% ] _update_scan_actions | stone_golem.png
[  43% ] _update_scan_actions | stone_golem_elite.png
[  43% ] _update_scan_actions | capoo_ak47.png
[  44% ] _update_scan_actions | capoo_ak47_bullet.png
[  44% ] _update_scan_actions | capoo_knight.png
[  44% ] _update_scan_actions | capoo_knight_elite.png
[  44% ] _update_scan_actions | capoo_knight_slash.png
[  44% ] _update_scan_actions | capoo_mage.png
[  44% ] _update_scan_actions | capoo_mage_fireball.png
[  44% ] _update_scan_actions | capoo_rpg.png
[  45% ] _update_scan_actions | capoo_rpg_explosion.png
[  45% ] _update_scan_actions | capoo_rpg_rocket.png
[  45% ] _update_scan_actions | capoo_smg.png
[  45% ] _update_scan_actions | capoo_smg_bullet.png
[  45% ] _update_scan_actions | capoo_sniper.png
[  45% ] _update_scan_actions | capoo_sniper_lock_reticle.png
[  46% ] _update_scan_actions | capoo_swordsman.png
[  46% ] _update_scan_actions | capoo_swordsman_slash.png
[  46% ] _update_scan_actions | combat_robot.png
[  46% ] _update_scan_actions | combat_robot_drone_operator.png
[  46% ] _update_scan_actions | combat_robot_drone_operator_elite.png
[  46% ] _update_scan_actions | combat_robot_drone_target_marker.png
[  47% ] _update_scan_actions | combat_robot_drone_target_marker_elite.png
[  47% ] _update_scan_actions | combat_robot_elite.png
[  47% ] _update_scan_actions | combat_robot_gunner.png
[  47% ] _update_scan_actions | combat_robot_gunner_bullet.png
[  47% ] _update_scan_actions | combat_robot_gunner_elite.png
[  47% ] _update_scan_actions | combat_robot_gunner_elite_bullet.png
[  48% ] _update_scan_actions | combat_robot_main_battle_elite.png
[  48% ] _update_scan_actions | combat_robot_mechanical_explosion.png
[  48% ] _update_scan_actions | combat_robot_mechanical_explosion_elite.png
[  48% ] _update_scan_actions | combat_robot_ninja.png
[  48% ] _update_scan_actions | combat_robot_ninja_elite.png
[  48% ] _update_scan_actions | combat_robot_shield_bearer.png
[  48% ] _update_scan_actions | combat_robot_shield_bearer_elite.png
[  49% ] _update_scan_actions | combat_robot_shield_bearer_elite_fx.png
[  49% ] _update_scan_actions | combat_robot_shield_bearer_fx.png
[  49% ] _update_scan_actions | combat_robot_suicide_drone.png
[  49% ] _update_scan_actions | combat_robot_suicide_drone_elite.png
[  49% ] _update_scan_actions | slime.png
[  49% ] _update_scan_actions | slime_fire.png
[  50% ] _update_scan_actions | slime_frost.png
[  50% ] _update_scan_actions | slime_golden.png
[  50% ] _update_scan_actions | slime_green.png
[  50% ] _update_scan_actions | fire_sorcerer.png
[  50% ] _update_scan_actions | fire_sorcerer_elite.png
[  50% ] _update_scan_actions | fire_sorcerer_elite_fireball.png
[  51% ] _update_scan_actions | fire_sorcerer_elite_move.png
[  51% ] _update_scan_actions | fire_sorcerer_fireball.png
[  51% ] _update_scan_actions | fire_sorcerer_move.png
[  51% ] _update_scan_actions | frost_sorcerer.png
[  51% ] _update_scan_actions | frost_sorcerer_elite.png
[  51% ] _update_scan_actions | frost_sorcerer_elite_move.png
[  52% ] _update_scan_actions | frost_sorcerer_ice_spike.png
[  52% ] _update_scan_actions | frost_sorcerer_move.png
[  52% ] _update_scan_actions | lightning_sorcerer.png
[  52% ] _update_scan_actions | lightning_sorcerer_elite.png
[  52% ] _update_scan_actions | lightning_sorcerer_elite_move.png
[  52% ] _update_scan_actions | lightning_sorcerer_move.png
[  52% ] _update_scan_actions | capoo_ak47.png
[  53% ] _update_scan_actions | capoo_knight.png
[  53% ] _update_scan_actions | capoo_knight_elite.png
[  53% ] _update_scan_actions | capoo_mage.png
[  53% ] _update_scan_actions | capoo_rpg.png
[  53% ] _update_scan_actions | capoo_smg.png
[  53% ] _update_scan_actions | capoo_sniper.png
[  54% ] _update_scan_actions | capoo_swordsman.png
[  54% ] _update_scan_actions | slime.png
[  54% ] _update_scan_actions | slime_fire.png
[  54% ] _update_scan_actions | slime_frost.png
[  54% ] _update_scan_actions | slime_golden.png
[  54% ] _update_scan_actions | slime_green.png
[  55% ] _update_scan_actions | yuanshi_insect.png
[  55% ] _update_scan_actions | yuanshi_insect_fire_ranged.png
[  55% ] _update_scan_actions | yuanshi_insect_green_shell.png
[  55% ] _update_scan_actions | yuanshi_insect_guardian.png
[  55% ] _update_scan_actions | yuanshi_insect_purple_bomber.png
[  55% ] _update_scan_actions | guardian_point_light.png
[  56% ] _update_scan_actions | yuanshi_insect_fire_projectile.png
[  56% ] _update_scan_actions | yuanshi_insect_fire_ranged.png
[  56% ] _update_scan_actions | yuanshi_insect_green_shell.png
[  56% ] _update_scan_actions | yuanshi_insect_guardian.png
[  56% ] _update_scan_actions | yuanshi_insect_purple_bomber.png
[  56% ] _update_scan_actions | yuanshi_insect_purple_explosion.png
[  56% ] _update_scan_actions | 源石虫.png
[  57% ] _update_scan_actions | 爆炸特效.png
[  57% ] _update_scan_actions | underground_church_wall_torch.png
[  57% ] _update_scan_actions | capoo_blue_crystal.png
[  57% ] _update_scan_actions | capoo_blue_crystal_powder.png
[  57% ] _update_scan_actions | dirt_block.png
[  57% ] _update_scan_actions | gambler_ticket.png
[  58% ] _update_scan_actions | gel.png
[  58% ] _update_scan_actions | plank.png
[  58% ] _update_scan_actions | sapling.png
[  58% ] _update_scan_actions | small_stone.png
[  58% ] _update_scan_actions | sorcerer_violet_powder.png
[  58% ] _update_scan_actions | water_bottle.png
[  59% ] _update_scan_actions | white_crystal.png
[  59% ] _update_scan_actions | white_crystal_powder.png
[  59% ] _update_scan_actions | wood.png
[  59% ] _update_scan_actions | wooden_core.png
[  59% ] _update_scan_actions | agave_body_idle_0.png
[  59% ] _update_scan_actions | agave_body_idle_1.png
[  60% ] _update_scan_actions | agave_body_idle_2.png
[  60% ] _update_scan_actions | agave_body_idle_3.png
[  60% ] _update_scan_actions | agave_cannonball.png
[  60% ] _update_scan_actions | agave_cannon_fire_0.png
[  60% ] _update_scan_actions | agave_cannon_fire_1.png
[  60% ] _update_scan_actions | agave_cannon_fire_2.png
[  60% ] _update_scan_actions | agave_cannon_fire_3.png
[  61% ] _update_scan_actions | agave_cannon_fire_4.png
[  61% ] _update_scan_actions | agave_cannon_idle_0.png
[  61% ] _update_scan_actions | icon.png
[  61% ] _update_scan_actions | speed_foreground.png
[  61% ] _update_scan_actions | attack_speed_tower.png
[  61% ] _update_scan_actions | lower_active.png
[  62% ] _update_scan_actions | lower_idle.png
[  62% ] _update_scan_actions | upper_charge_0.png
[  62% ] _update_scan_actions | upper_charge_1.png
[  62% ] _update_scan_actions | upper_charge_2.png
[  62% ] _update_scan_actions | upper_charge_3.png
[  62% ] _update_scan_actions | upper_charge_4.png
[  63% ] _update_scan_actions | upper_charge_5.png
[  63% ] _update_scan_actions | upper_charge_6.png
[  63% ] _update_scan_actions | upper_charge_7.png
[  63% ] _update_scan_actions | upper_fire_0.png
[  63% ] _update_scan_actions | upper_fire_1.png
[  63% ] _update_scan_actions | upper_fire_2.png
[  64% ] _update_scan_actions | upper_fire_3.png
[  64% ] _update_scan_actions | upper_idle.png
[  64% ] _update_scan_actions | charge_0.png
[  64% ] _update_scan_actions | charge_1.png
[  64% ] _update_scan_actions | charge_2.png
[  64% ] _update_scan_actions | charge_3.png
[  64% ] _update_scan_actions | charge_4.png
[  65% ] _update_scan_actions | charge_5.png
[  65% ] _update_scan_actions | charge_6.png
[  65% ] _update_scan_actions | charge_7.png
[  65% ] _update_scan_actions | explosion_0.png
[  65% ] _update_scan_actions | explosion_1.png
[  65% ] _update_scan_actions | explosion_2.png
[  66% ] _update_scan_actions | explosion_3.png
[  66% ] _update_scan_actions | explosion_4.png
[  66% ] _update_scan_actions | explosion_5.png
[  66% ] _update_scan_actions | explosion_6.png
[  66% ] _update_scan_actions | explosion_7.png
[  66% ] _update_scan_actions | fire_0.png
[  67% ] _update_scan_actions | fire_1.png
[  67% ] _update_scan_actions | fire_2.png
[  67% ] _update_scan_actions | fire_3.png
[  67% ] _update_scan_actions | idle.png
[  67% ] _update_scan_actions | shell.png
[  67% ] _update_scan_actions | corn_body_idle_0.png
[  68% ] _update_scan_actions | corn_body_idle_1.png
[  68% ] _update_scan_actions | corn_body_idle_2.png
[  68% ] _update_scan_actions | corn_body_idle_3.png
[  68% ] _update_scan_actions | corn_muzzle_flash_0.png
[  68% ] _update_scan_actions | corn_muzzle_flash_1.png
[  68% ] _update_scan_actions | corn_turret_idle_0.png
[  68% ] _update_scan_actions | corn_turret_spin_0.png
[  69% ] _update_scan_actions | corn_turret_spin_1.png
[  69% ] _update_scan_actions | corn_turret_spin_2.png
[  69% ] _update_scan_actions | corn_turret_spin_3.png
[  69% ] _update_scan_actions | icon.png
[  69% ] _update_scan_actions | excavator.png
[  69% ] _update_scan_actions | firing_grapes.png
[  70% ] _update_scan_actions | icon.png
[  70% ] _update_scan_actions | idle.png
[  70% ] _update_scan_actions | side_grapes.png
[  70% ] _update_scan_actions | support.png
[  70% ] _update_scan_actions | idle.png
[  70% ] _update_scan_actions | rain.png
[  71% ] _update_scan_actions | heart_foreground.png
[  71% ] _update_scan_actions | lower_body.png
[  71% ] _update_scan_actions | life_tower.png
[  71% ] _update_scan_actions | oak_warehouse.png
[  71% ] _update_scan_actions | oak_warehouse_panel_background.png
[  71% ] _update_scan_actions | body.png
[  72% ] _update_scan_actions | glass_cycle_glow.png
[  72% ] _update_scan_actions | icon.png
[  72% ] _update_scan_actions | orange_layers_glow.png
[  72% ] _update_scan_actions | lower_body.png
[  72% ] _update_scan_actions | upper_canopy.png
[  72% ] _update_scan_actions | planting_base.png
[  72% ] _update_scan_actions | lower_body.png
[  73% ] _update_scan_actions | upper_foreground.png
[  73% ] _update_scan_actions | plant_cultivation_center.png
[  73% ] _update_scan_actions | lower_body.png
[  73% ] _update_scan_actions | upper_foreground.png
[  73% ] _update_scan_actions | research_center.png
[  73% ] _update_scan_actions | simple_fence_atlas.png
[  74% ] _update_scan_actions | simple_fence_connector.png
[  74% ] _update_scan_actions | boot_foreground.png
[  74% ] _update_scan_actions | speed_tower.png
[  74% ] _update_scan_actions | stone_mill.png
[  74% ] _update_scan_actions | vegetation_stake.png
[  74% ] _update_scan_actions | vegetation_stake_glow.png
[  75% ] _update_scan_actions | water_collector.png
[  75% ] _update_scan_actions | water_collector_progress_ring.svg
[  75% ] _update_scan_actions | wood_processing_station.png
[  75% ] _update_scan_actions | hoe.png
[  75% ] _update_scan_actions | hoe_cat_attack.png
[  75% ] _update_scan_actions | hoe_cat_basic_slash_vfx.png
[  76% ] _update_scan_actions | hoe_cat_death.png
[  76% ] _update_scan_actions | hoe_cat_move.png
[  76% ] _update_scan_actions | hoe_cat_whirlwind_body.png
[  76% ] _update_scan_actions | hoe_cat_whirlwind_vfx.png
[  76% ] _update_scan_actions | portrait.png
[  76% ] _update_scan_actions | snow_wolf_pojun_sword.png
[  76% ] _update_scan_actions | whirlwind_icon.png
[  77% ] _update_scan_actions | portrait.png
[  77% ] _update_scan_actions | skill1_icon.png
[  77% ] _update_scan_actions | tango_cast_unit.png
[  77% ] _update_scan_actions | tango_death.png
[  77% ] _update_scan_actions | tango_electric_surge_field_vfx.png
[  77% ] _update_scan_actions | tango_idle_front_32.png
[  78% ] _update_scan_actions | tango_laser_bullet.png
[  78% ] _update_scan_actions | tango_move.png
[  78% ] _update_scan_actions | 24x24_backup.png
[  78% ] _update_scan_actions | armed_effect.png
[  78% ] _update_scan_actions | body.png
[  78% ] _update_scan_actions | high_noon_cast.png
[  79% ] _update_scan_actions | movement.png
[  79% ] _update_scan_actions | portrait.png
[  79% ] _update_scan_actions | skill1_icon.png
[  79% ] _update_scan_actions | sniper_bullet.png
[  79% ] _update_scan_actions | sniper_hit.png
[  79% ] _update_scan_actions | mini_combat_car.png
[  80% ] _update_scan_actions | mini_combat_car_wheel_roll.png
[  80% ] _update_scan_actions | armed_effect.png
[  80% ] _update_scan_actions | body.png
[  80% ] _update_scan_actions | portrait.png
[  80% ] _update_scan_actions | skill1_explosion.png
[  80% ] _update_scan_actions | skill1_icon.png
[  80% ] _update_scan_actions | skill1_light_explosion.png
[  81% ] _update_scan_actions | skill1_projectile.png
[  81% ] _update_scan_actions | plant_cultivation_center_panel_background.png
[  81% ] _update_scan_actions | production_loop_icon.svg
[  81% ] _update_scan_actions | production_panel_background.png
[  81% ] _update_scan_actions | water_collector_panel_background.png
[  81% ] _update_scan_actions | mirage_icon.png
[  82% ] _update_scan_actions | mirage_props.png
[  82% ] _update_scan_actions | mirage_surfaces.png
[  82% ] _update_scan_actions | mirage_tiles.png
[  82% ] _update_scan_actions | research_center_panel_background.png
[  82% ] _update_scan_actions | abandoned_mine_background.png
[  82% ] _update_scan_actions | underground_church_background.png
[  83% ] _update_scan_actions | underground_sewer_background.png
[  83% ] _update_scan_actions | chicken_bro.png
[  83% ] _update_scan_actions | deep_sea_ruins.png
[  83% ] _update_scan_actions | encounter_panel_frame.png
[  83% ] _update_scan_actions | fluorescent_pit.png
[  83% ] _update_scan_actions | ghost_shadow.png
[  84% ] _update_scan_actions | invisible_sea_cucumber.png
[  84% ] _update_scan_actions | suitcase_frenzy.png
[  84% ] _update_scan_actions | talking_slime_group.png
[  84% ] _update_scan_actions | hud_action_points_v4.png
[  84% ] _update_scan_actions | hud_core_life_v4.png
[  84% ] _update_scan_actions | hud_core_life_v5.png
[  84% ] _update_scan_actions | hud_light_stone_v1.png
[  85% ] _update_scan_actions | inventory_bag_button_ref_v3.png
[  85% ] _update_scan_actions | inventory_bag_frame_ref_v3.png
[  85% ] _update_scan_actions | inventory_bag_icon_ref_v3.png
[  85% ] _update_scan_actions | inventory_bar_backplate_ref_v4.png
[  85% ] _update_scan_actions | inventory_bar_center_tile_ref_v4.png
[  85% ] _update_scan_actions | inventory_scroll_left_ref_v3.png
[  86% ] _update_scan_actions | inventory_scroll_right_ref_v3.png
[  86% ] _update_scan_actions | inventory_slot_empty_ref_v3.png
[  86% ] _update_scan_actions | inventory_slot_selected_ref_v3.png
[  86% ] _update_scan_actions | route_link_cross_ref_v3.png
[  86% ] _update_scan_actions | route_link_horizontal_ref_v3.png
[  86% ] _update_scan_actions | route_link_junction_ref_v3.png
[  87% ] _update_scan_actions | route_link_terminal_ref_v3.png
[  87% ] _update_scan_actions | route_link_vertical_ref_v3.png
[  87% ] _update_scan_actions | node_ring_active_ref_v3.png
[  87% ] _update_scan_actions | node_ring_neutral_ref_v3.png
[  87% ] _update_scan_actions | node_emergency_combat_a_ref_v3.png
[  87% ] _update_scan_actions | node_empty_ref_v4.png
[  88% ] _update_scan_actions | node_gift_b_ref_v3.png
[  88% ] _update_scan_actions | node_magical_encounter_b_ref_v3.png
[  88% ] _update_scan_actions | node_normal_combat_b_active_ref_v3.png
[  88% ] _update_scan_actions | node_normal_combat_b_ref_v3.png
[  88% ] _update_scan_actions | node_underground_shop_b_ref_v3.png
[  88% ] _update_scan_actions | node_wilderness_resource_ref_v3.png
[  88% ] _update_scan_actions | rare_chest_tableau.png
[  89% ] _update_scan_actions | supply_choice_panel.png
[  89% ] _update_scan_actions | supply_tableau.png
[  89% ] _update_scan_actions | hud_ap_icon.png
[  89% ] _update_scan_actions | hud_location_icon.png
[  89% ] _update_scan_actions | normal_combat_briefing_visual.png
[  89% ] _update_scan_actions | party_marker.png
[  90% ] _update_scan_actions | route_move_confirmation_frame.png
[  90% ] _update_scan_actions | underground_ruins_background.png
[  90% ] _update_scan_actions | shop_button_disabled_v1.png
[  90% ] _update_scan_actions | shop_button_hover_v1.png
[  90% ] _update_scan_actions | shop_button_normal_v1.png
[  90% ] _update_scan_actions | shop_button_pressed_v1.png
[  91% ] _update_scan_actions | shop_panel_frame_v1.png
[  91% ] _update_scan_actions | shop_product_card_disabled_v2.png
[  91% ] _update_scan_actions | shop_product_card_hover_v2.png
[  91% ] _update_scan_actions | shop_product_card_normal_v2.png
[  91% ] _update_scan_actions | shop_product_card_pressed_v2.png
[  91% ] _update_scan_actions | shop_title_plaque_v1.png
[  92% ] _update_scan_actions | quick_use_badge.png
[  92% ] _update_scan_actions | action_create_room.png
[  92% ] _update_scan_actions | action_start_game.png
[  92% ] _update_scan_actions | mode_standard.png
[  92% ] _update_scan_actions | mode_test_p1.png
[  92% ] _update_scan_actions | mode_test_p2.png
[  92% ] _update_scan_actions | mode_tower_defense.png
[  93% ] _update_scan_actions | network_lan.png
[  93% ] _update_scan_actions | network_public.png
[  93% ] _update_scan_actions | menu_rooftop_garden_background.png
[  93% ] _update_scan_actions | choice_panel_dew.png
[  93% ] _update_scan_actions | choice_panel_moon.png
[  93% ] _update_scan_actions | choice_panel_seed.png
[  94% ] _update_scan_actions | fate_garden_backdrop.png
[  94% ] _update_scan_actions | xiaocong_keypose_hd.png
[  94% ] _update_scan_actions | apple_collectible.png
[  94% ] _update_scan_actions | app_icon_ak_capoo.png
[  94% ] _update_scan_actions | collectible_arrow_projectile.png
[  94% ] _update_scan_actions | collectible_sakura_explosion.png
[  95% ] _update_scan_actions | defeat_window_background.png
[  95% ] _update_scan_actions | icon.png
[  95% ] _update_scan_actions | item_category_badge_collectible.png
[  95% ] _update_scan_actions | item_category_badge_item.png
[  95% ] _update_scan_actions | item_detail_panel_bg.png
[  95% ] _update_scan_actions | luoxi_idle.png
[  96% ] _update_scan_actions | luoxi_idle_hd.png
[  96% ] _update_scan_actions | pickup_tenpura.png
[  96% ] _update_scan_actions | player_profile_background.png
[  96% ] _update_scan_actions | profile_gun_icon.png
[  96% ] _update_scan_actions | profile_tab_hovered.png
[  96% ] _update_scan_actions | profile_tab_selected.png
[  96% ] _update_scan_actions | profile_tab_unselected.png
[  97% ] _update_scan_actions | upgrade_attack.png
[  97% ] _update_scan_actions | upgrade_dodge.png
[  97% ] _update_scan_actions | upgrade_health.png
[  97% ] _update_scan_actions | upgrade_panel_surface.png
[  97% ] _update_scan_actions | upgrade_speed.png
[  97% ] _update_scan_actions | xiaocong_fate_stone.png
[  98% ] _update_scan_actions | xiaocong_idle.png
[  98% ] _update_scan_actions | xirang_icon.png
[  98% ] _update_scan_actions | zhuangfangyi_idle.png
[  98% ] _update_scan_actions | zhuangfangyi_idle_hd.png
[  98% ] _update_scan_actions | zhuangfangyi_idle_hd_v2.png
[  98% ] _update_scan_actions | 动态瓦片.png
[  99% ] _update_scan_actions | 瓦片.png
[  99% ] _update_scan_actions | 道具ui.png
[  99% ] _update_scan_actions | settings_switch_checked.png
[  99% ] _update_scan_actions | settings_switch_unchecked.png
[  99% ] _update_scan_actions | icon.svg
[ DONE ] _update_scan_actions

[   0% ] reimport | Started 正在导入或重新导入资产 (544 steps)
[   0% ] reimport | 正在准备重新导入文件……
[   0% ] reimport | 正在准备重新导入文件……
[   0% ] reimport | 正在准备重新导入文件……
[   0% ] reimport | 正在准备重新导入文件……
[   0% ] reimport | 正在准备重新导入文件……
[   0% ] reimport | 正在准备重新导入文件……
[   1% ] reimport | 正在准备重新导入文件……
[   1% ] reimport | 正在准备重新导入文件……
[   1% ] reimport | 正在准备重新导入文件……
[   1% ] reimport | 正在准备重新导入文件……
[   1% ] reimport | 正在准备重新导入文件……
[   2% ] reimport | 正在准备重新导入文件……
[   2% ] reimport | 正在准备重新导入文件……
[   2% ] reimport | 正在准备重新导入文件……
[   2% ] reimport | 正在准备重新导入文件……
[   2% ] reimport | 正在准备重新导入文件……
[   2% ] reimport | 正在准备重新导入文件……
[   3% ] reimport | 正在准备重新导入文件……
[   3% ] reimport | 正在准备重新导入文件……
[   3% ] reimport | 正在准备重新导入文件……
[   3% ] reimport | 正在准备重新导入文件……
[   3% ] reimport | 正在准备重新导入文件……
[   4% ] reimport | 正在准备重新导入文件……
[   4% ] reimport | 正在准备重新导入文件……
[   4% ] reimport | 正在准备重新导入文件……
[   4% ] reimport | 正在准备重新导入文件……
[   4% ] reimport | 正在准备重新导入文件……
[   4% ] reimport | 正在准备重新导入文件……
[   5% ] reimport | 正在准备重新导入文件……
[   5% ] reimport | 正在准备重新导入文件……
[   5% ] reimport | 正在准备重新导入文件……
[   5% ] reimport | 正在准备重新导入文件……
[   5% ] reimport | 正在准备重新导入文件……
[   6% ] reimport | 正在准备重新导入文件……
[   6% ] reimport | 正在准备重新导入文件……
[   6% ] reimport | 正在准备重新导入文件……
[   6% ] reimport | 正在准备重新导入文件……
[   6% ] reimport | 正在准备重新导入文件……
[   6% ] reimport | 正在准备重新导入文件……
[   7% ] reimport | 正在准备重新导入文件……
[   7% ] reimport | 正在准备重新导入文件……
[   7% ] reimport | 正在准备重新导入文件……
[   7% ] reimport | 正在准备重新导入文件……
[   7% ] reimport | 正在准备重新导入文件……
[   8% ] reimport | 正在准备重新导入文件……
[   8% ] reimport | 正在准备重新导入文件……
[   8% ] reimport | 正在准备重新导入文件……
[   8% ] reimport | 正在准备重新导入文件……
[   8% ] reimport | 正在准备重新导入文件……
[   8% ] reimport | 正在准备重新导入文件……
[   9% ] reimport | 正在准备重新导入文件……
[   9% ] reimport | 正在准备重新导入文件……
[   9% ] reimport | 正在准备重新导入文件……
[   9% ] reimport | 正在准备重新导入文件……
[   9% ] reimport | 正在准备重新导入文件……
[  10% ] reimport | 正在准备重新导入文件……
[  10% ] reimport | 正在准备重新导入文件……
[  10% ] reimport | 正在准备重新导入文件……
[  10% ] reimport | 正在准备重新导入文件……
[  10% ] reimport | 正在准备重新导入文件……
[  11% ] reimport | 正在准备重新导入文件……
[  11% ] reimport | 正在准备重新导入文件……
[  11% ] reimport | 正在准备重新导入文件……
[  11% ] reimport | 正在准备重新导入文件……
[  11% ] reimport | 正在准备重新导入文件……
[  11% ] reimport | 正在准备重新导入文件……
[  12% ] reimport | 正在准备重新导入文件……
[  12% ] reimport | 正在准备重新导入文件……
[  12% ] reimport | 正在准备重新导入文件……
[  12% ] reimport | 正在准备重新导入文件……
[  12% ] reimport | 正在准备重新导入文件……
[  13% ] reimport | 正在准备重新导入文件……
[  13% ] reimport | 正在准备重新导入文件……
[  13% ] reimport | 正在准备重新导入文件……
[  13% ] reimport | 正在准备重新导入文件……
[  13% ] reimport | 正在准备重新导入文件……
[  13% ] reimport | 正在准备重新导入文件……
[  14% ] reimport | 正在准备重新导入文件……
[  14% ] reimport | 正在准备重新导入文件……
[  14% ] reimport | 正在准备重新导入文件……
[  14% ] reimport | 正在准备重新导入文件……
[  14% ] reimport | 正在准备重新导入文件……
[  15% ] reimport | 正在准备重新导入文件……
[  15% ] reimport | 正在准备重新导入文件……
[  15% ] reimport | 正在准备重新导入文件……
[  15% ] reimport | 正在准备重新导入文件……
[  15% ] reimport | 正在准备重新导入文件……
[  15% ] reimport | 正在准备重新导入文件……
[  16% ] reimport | 正在准备重新导入文件……
[  16% ] reimport | 正在准备重新导入文件……
[  16% ] reimport | 正在准备重新导入文件……
[  16% ] reimport | 正在准备重新导入文件……
[  16% ] reimport | 正在准备重新导入文件……
[  17% ] reimport | 正在准备重新导入文件……
[  17% ] reimport | 正在准备重新导入文件……
[  17% ] reimport | 正在准备重新导入文件……
[  17% ] reimport | 正在准备重新导入文件……
[  17% ] reimport | 正在准备重新导入文件……
[  17% ] reimport | 正在准备重新导入文件……
[  18% ] reimport | 正在准备重新导入文件……
[  18% ] reimport | 正在准备重新导入文件……
[  18% ] reimport | 正在准备重新导入文件……
[  18% ] reimport | 正在准备重新导入文件……
[  18% ] reimport | 正在准备重新导入文件……
[  19% ] reimport | 正在准备重新导入文件……
[  19% ] reimport | 正在准备重新导入文件……
[  19% ] reimport | 正在准备重新导入文件……
[  19% ] reimport | 正在准备重新导入文件……
[  19% ] reimport | 正在准备重新导入文件……
[  20% ] reimport | 正在准备重新导入文件……
[  20% ] reimport | 正在准备重新导入文件……
[  20% ] reimport | 正在准备重新导入文件……
[  20% ] reimport | 正在准备重新导入文件……
[  20% ] reimport | 正在准备重新导入文件……
[  20% ] reimport | 正在准备重新导入文件……
[  21% ] reimport | 正在准备重新导入文件……
[  21% ] reimport | 正在准备重新导入文件……
[  21% ] reimport | 正在准备重新导入文件……
[  21% ] reimport | 正在准备重新导入文件……
[  21% ] reimport | 正在准备重新导入文件……
[  22% ] reimport | 正在准备重新导入文件……
[  22% ] reimport | 正在准备重新导入文件……
[  22% ] reimport | 正在准备重新导入文件……
[  22% ] reimport | 正在准备重新导入文件……
[  22% ] reimport | 正在准备重新导入文件……
[  22% ] reimport | 正在准备重新导入文件……
[  23% ] reimport | 正在准备重新导入文件……
[  23% ] reimport | 正在准备重新导入文件……
[  23% ] reimport | 正在准备重新导入文件……
[  23% ] reimport | 正在准备重新导入文件……
[  23% ] reimport | 正在准备重新导入文件……
[  24% ] reimport | 正在准备重新导入文件……
[  24% ] reimport | 正在准备重新导入文件……
[  24% ] reimport | 正在准备重新导入文件……
[  24% ] reimport | 正在准备重新导入文件……
[  24% ] reimport | 正在准备重新导入文件……
[  24% ] reimport | 正在准备重新导入文件……
[  25% ] reimport | 正在准备重新导入文件……
[  25% ] reimport | 正在准备重新导入文件……
[  25% ] reimport | 正在准备重新导入文件……
[  25% ] reimport | 正在准备重新导入文件……
[  25% ] reimport | 正在准备重新导入文件……
[  26% ] reimport | 正在准备重新导入文件……
[  26% ] reimport | 正在准备重新导入文件……
[  26% ] reimport | 正在准备重新导入文件……
[  26% ] reimport | 正在准备重新导入文件……
[  26% ] reimport | 正在准备重新导入文件……
[  26% ] reimport | 正在准备重新导入文件……
[  27% ] reimport | 正在准备重新导入文件……
[  27% ] reimport | 正在准备重新导入文件……
[  27% ] reimport | 正在准备重新导入文件……
[  27% ] reimport | 正在准备重新导入文件……
[  27% ] reimport | 正在准备重新导入文件……
[  28% ] reimport | 正在准备重新导入文件……
[  28% ] reimport | 正在准备重新导入文件……
[  28% ] reimport | 正在准备重新导入文件……
[  28% ] reimport | 正在准备重新导入文件……
[  28% ] reimport | 正在准备重新导入文件……
[  28% ] reimport | 正在准备重新导入文件……
[  29% ] reimport | 正在准备重新导入文件……
[  29% ] reimport | 正在准备重新导入文件……
[  29% ] reimport | 正在准备重新导入文件……
[  29% ] reimport | 正在准备重新导入文件……
[  29% ] reimport | 正在准备重新导入文件……
[  30% ] reimport | 正在准备重新导入文件……
[  30% ] reimport | 正在准备重新导入文件……
[  30% ] reimport | 正在准备重新导入文件……
[  30% ] reimport | 正在准备重新导入文件……
[  30% ] reimport | 正在准备重新导入文件……
[  31% ] reimport | 正在准备重新导入文件……
[  31% ] reimport | 正在准备重新导入文件……
[  31% ] reimport | 正在准备重新导入文件……
[  31% ] reimport | 正在准备重新导入文件……
[  31% ] reimport | 正在准备重新导入文件……
[  31% ] reimport | 正在准备重新导入文件……
[  32% ] reimport | 正在准备重新导入文件……
[  32% ] reimport | 正在准备重新导入文件……
[  32% ] reimport | 正在准备重新导入文件……
[  32% ] reimport | 正在准备重新导入文件……
[  32% ] reimport | 正在准备重新导入文件……
[  33% ] reimport | 正在准备重新导入文件……
[  33% ] reimport | 正在准备重新导入文件……
[  33% ] reimport | 正在准备重新导入文件……
[  33% ] reimport | 正在准备重新导入文件……
[  33% ] reimport | 正在准备重新导入文件……
[  33% ] reimport | 正在准备重新导入文件……
[  34% ] reimport | 正在准备重新导入文件……
[  34% ] reimport | 正在准备重新导入文件……
[  34% ] reimport | 正在准备重新导入文件……
[  34% ] reimport | 正在准备重新导入文件……
[  34% ] reimport | 正在准备重新导入文件……
[  35% ] reimport | 正在准备重新导入文件……
[  35% ] reimport | 正在准备重新导入文件……
[  35% ] reimport | 正在准备重新导入文件……
[  35% ] reimport | 正在准备重新导入文件……
[  35% ] reimport | 正在准备重新导入文件……
[  35% ] reimport | 正在准备重新导入文件……
[  36% ] reimport | 正在准备重新导入文件……
[  36% ] reimport | 正在准备重新导入文件……
[  36% ] reimport | 正在准备重新导入文件……
[  36% ] reimport | 正在准备重新导入文件……
[  36% ] reimport | 正在准备重新导入文件……
[  37% ] reimport | 正在准备重新导入文件……
[  37% ] reimport | 正在准备重新导入文件……
[  37% ] reimport | 正在准备重新导入文件……
[  37% ] reimport | 正在准备重新导入文件……
[  37% ] reimport | 正在准备重新导入文件……
[  37% ] reimport | 正在准备重新导入文件……
[  38% ] reimport | 正在准备重新导入文件……
[  38% ] reimport | 正在准备重新导入文件……
[  38% ] reimport | 正在准备重新导入文件……
[  38% ] reimport | 正在准备重新导入文件……
[  38% ] reimport | 正在准备重新导入文件……
[  39% ] reimport | 正在准备重新导入文件……
[  39% ] reimport | 正在准备重新导入文件……
[  39% ] reimport | 正在准备重新导入文件……
[  39% ] reimport | 正在准备重新导入文件……
[  39% ] reimport | 正在准备重新导入文件……
[  40% ] reimport | 正在准备重新导入文件……
[  40% ] reimport | 正在准备重新导入文件……
[  40% ] reimport | 正在准备重新导入文件……
[  40% ] reimport | 正在准备重新导入文件……
[  40% ] reimport | 正在准备重新导入文件……
[  40% ] reimport | 正在准备重新导入文件……
[  41% ] reimport | 正在准备重新导入文件……
[  41% ] reimport | 正在准备重新导入文件……
[  41% ] reimport | 正在准备重新导入文件……
[  41% ] reimport | 正在准备重新导入文件……
[  41% ] reimport | 正在准备重新导入文件……
[  42% ] reimport | 正在准备重新导入文件……
[  42% ] reimport | 正在准备重新导入文件……
[  42% ] reimport | 正在准备重新导入文件……
[  42% ] reimport | 正在准备重新导入文件……
[  42% ] reimport | 正在准备重新导入文件……
[  42% ] reimport | 正在准备重新导入文件……
[  43% ] reimport | 正在准备重新导入文件……
[  43% ] reimport | 正在准备重新导入文件……
[  43% ] reimport | 正在准备重新导入文件……
[  43% ] reimport | 正在准备重新导入文件……
[  43% ] reimport | 正在准备重新导入文件……
[  44% ] reimport | 正在准备重新导入文件……
[  44% ] reimport | 正在准备重新导入文件……
[  44% ] reimport | 正在准备重新导入文件……
[  44% ] reimport | 正在准备重新导入文件……
[  44% ] reimport | 正在准备重新导入文件……
[  44% ] reimport | 正在准备重新导入文件……
[  45% ] reimport | 正在准备重新导入文件……
[  45% ] reimport | 正在准备重新导入文件……
[  45% ] reimport | 正在准备重新导入文件……
[  45% ] reimport | 正在准备重新导入文件……
[  45% ] reimport | 正在准备重新导入文件……
[  46% ] reimport | 正在准备重新导入文件……
[  46% ] reimport | 正在准备重新导入文件……
[  46% ] reimport | 正在准备重新导入文件……
[  46% ] reimport | 正在准备重新导入文件……
[  46% ] reimport | 正在准备重新导入文件……
[  46% ] reimport | 正在准备重新导入文件……
[  47% ] reimport | 正在准备重新导入文件……
[  47% ] reimport | 正在准备重新导入文件……
[  47% ] reimport | 正在准备重新导入文件……
[  47% ] reimport | 正在准备重新导入文件……
[  47% ] reimport | 正在准备重新导入文件……
[  48% ] reimport | 正在准备重新导入文件……
[  48% ] reimport | 正在准备重新导入文件……
[  48% ] reimport | 正在准备重新导入文件……
[  48% ] reimport | 正在准备重新导入文件……
[  48% ] reimport | 正在准备重新导入文件……
[  48% ] reimport | 正在准备重新导入文件……
[  49% ] reimport | 正在准备重新导入文件……
[  49% ] reimport | 正在准备重新导入文件……
[  49% ] reimport | 正在准备重新导入文件……
[  49% ] reimport | 正在准备重新导入文件……
[  49% ] reimport | 正在准备重新导入文件……
[  50% ] reimport | 正在准备重新导入文件……
[  50% ] reimport | 正在准备重新导入文件……
[  50% ] reimport | 正在准备重新导入文件……
[  50% ] reimport | 正在准备重新导入文件……
[  50% ] reimport | 正在准备重新导入文件……
[  51% ] reimport | 正在准备重新导入文件……
[  51% ] reimport | 正在准备重新导入文件……
[  51% ] reimport | 正在准备重新导入文件……
[  51% ] reimport | 正在准备重新导入文件……
[  51% ] reimport | 正在准备重新导入文件……
[  51% ] reimport | 正在准备重新导入文件……
[  52% ] reimport | 正在准备重新导入文件……
[  52% ] reimport | 正在准备重新导入文件……
[  52% ] reimport | 正在准备重新导入文件……
[  52% ] reimport | 正在准备重新导入文件……
[  52% ] reimport | 正在准备重新导入文件……
[  53% ] reimport | 正在准备重新导入文件……
[  53% ] reimport | 正在准备重新导入文件……
[  53% ] reimport | 正在准备重新导入文件……
[  53% ] reimport | 正在准备重新导入文件……
[  53% ] reimport | 正在准备重新导入文件……
[  53% ] reimport | 正在准备重新导入文件……
[  54% ] reimport | 正在准备重新导入文件……
[  54% ] reimport | 正在准备重新导入文件……
[  54% ] reimport | 正在准备重新导入文件……
[  54% ] reimport | 正在准备重新导入文件……
[  54% ] reimport | 正在准备重新导入文件……
[  55% ] reimport | 正在准备重新导入文件……
[  55% ] reimport | 正在准备重新导入文件……
[  55% ] reimport | 正在准备重新导入文件……
[  55% ] reimport | 正在准备重新导入文件……
[  55% ] reimport | 正在准备重新导入文件……
[  55% ] reimport | 正在准备重新导入文件……
[  56% ] reimport | 正在准备重新导入文件……
[  56% ] reimport | 正在准备重新导入文件……
[  56% ] reimport | 正在准备重新导入文件……
[  56% ] reimport | 正在准备重新导入文件……
[  56% ] reimport | 正在准备重新导入文件……
[  57% ] reimport | 正在准备重新导入文件……
[  57% ] reimport | 正在准备重新导入文件……
[  57% ] reimport | 正在准备重新导入文件……
[  57% ] reimport | 正在准备重新导入文件……
[  57% ] reimport | 正在准备重新导入文件……
[  57% ] reimport | 正在准备重新导入文件……
[  58% ] reimport | 正在准备重新导入文件……
[  58% ] reimport | 正在准备重新导入文件……
[  58% ] reimport | 正在准备重新导入文件……
[  58% ] reimport | 正在准备重新导入文件……
[  58% ] reimport | 正在准备重新导入文件……
[  59% ] reimport | 正在准备重新导入文件……
[  59% ] reimport | 正在准备重新导入文件……
[  59% ] reimport | 正在准备重新导入文件……
[  59% ] reimport | 正在准备重新导入文件……
[  59% ] reimport | 正在准备重新导入文件……
[  60% ] reimport | 正在准备重新导入文件……
[  60% ] reimport | 正在准备重新导入文件……
[  60% ] reimport | 正在准备重新导入文件……
[  60% ] reimport | 正在准备重新导入文件……
[  60% ] reimport | 正在准备重新导入文件……
[  60% ] reimport | 正在准备重新导入文件……
[  61% ] reimport | 正在准备重新导入文件……
[  61% ] reimport | 正在准备重新导入文件……
[  61% ] reimport | 正在准备重新导入文件……
[  61% ] reimport | 正在准备重新导入文件……
[  61% ] reimport | 正在准备重新导入文件……
[  62% ] reimport | 正在准备重新导入文件……
[  62% ] reimport | 正在准备重新导入文件……
[  62% ] reimport | 正在准备重新导入文件……
[  62% ] reimport | 正在准备重新导入文件……
[  62% ] reimport | 正在准备重新导入文件……
[  62% ] reimport | 正在准备重新导入文件……
[  63% ] reimport | 正在准备重新导入文件……
[  63% ] reimport | 正在准备重新导入文件……
[  63% ] reimport | 正在准备重新导入文件……
[  63% ] reimport | 正在准备重新导入文件……
[  63% ] reimport | 正在准备重新导入文件……
[  64% ] reimport | 正在准备重新导入文件……
[  64% ] reimport | 正在准备重新导入文件……
[  64% ] reimport | 正在准备重新导入文件……
[  64% ] reimport | 正在准备重新导入文件……
[  64% ] reimport | 正在准备重新导入文件……
[  64% ] reimport | 正在准备重新导入文件……
[  65% ] reimport | 正在准备重新导入文件……
[  65% ] reimport | 正在准备重新导入文件……
[  65% ] reimport | 正在准备重新导入文件……
[  65% ] reimport | 正在准备重新导入文件……
[  65% ] reimport | 正在准备重新导入文件……
[  66% ] reimport | 正在准备重新导入文件……
[  66% ] reimport | 正在准备重新导入文件……
[  66% ] reimport | 正在准备重新导入文件……
[  66% ] reimport | 正在准备重新导入文件……
[  66% ] reimport | 正在准备重新导入文件……
[  66% ] reimport | 正在准备重新导入文件……
[  67% ] reimport | 正在准备重新导入文件……
[  67% ] reimport | 正在准备重新导入文件……
[  67% ] reimport | 正在准备重新导入文件……
[  67% ] reimport | 正在准备重新导入文件……
[  67% ] reimport | 正在准备重新导入文件……
[  68% ] reimport | 正在准备重新导入文件……
[  68% ] reimport | 正在准备重新导入文件……
[  68% ] reimport | 正在准备重新导入文件……
[  68% ] reimport | 正在准备重新导入文件……
[  68% ] reimport | 正在准备重新导入文件……
[  68% ] reimport | 正在准备重新导入文件……
[  69% ] reimport | 正在准备重新导入文件……
[  69% ] reimport | 正在准备重新导入文件……
[  69% ] reimport | 正在准备重新导入文件……
[  69% ] reimport | 正在准备重新导入文件……
[  69% ] reimport | 正在准备重新导入文件……
[  70% ] reimport | 正在准备重新导入文件……
[  70% ] reimport | 正在准备重新导入文件……
[  70% ] reimport | 正在准备重新导入文件……
[  70% ] reimport | 正在准备重新导入文件……
[  70% ] reimport | 正在准备重新导入文件……
[  71% ] reimport | 正在准备重新导入文件……
[  71% ] reimport | 正在准备重新导入文件……
[  71% ] reimport | 正在准备重新导入文件……
[  71% ] reimport | 正在准备重新导入文件……
[  71% ] reimport | 正在准备重新导入文件……
[  71% ] reimport | 正在准备重新导入文件……
[  72% ] reimport | 正在准备重新导入文件……
[  72% ] reimport | 正在准备重新导入文件……
[  72% ] reimport | 正在准备重新导入文件……
[  72% ] reimport | 正在准备重新导入文件……
[  72% ] reimport | 正在准备重新导入文件……
[  73% ] reimport | 正在准备重新导入文件……
[  73% ] reimport | 正在准备重新导入文件……
[  73% ] reimport | 正在准备重新导入文件……
[  73% ] reimport | 正在准备重新导入文件……
[  73% ] reimport | 正在准备重新导入文件……
[  73% ] reimport | 正在准备重新导入文件……
[  74% ] reimport | 正在准备重新导入文件……
[  74% ] reimport | 正在准备重新导入文件……
[  74% ] reimport | 正在准备重新导入文件……
[  74% ] reimport | 正在准备重新导入文件……
[  74% ] reimport | 正在准备重新导入文件……
[  75% ] reimport | 正在准备重新导入文件……
[  75% ] reimport | 正在准备重新导入文件……
[  75% ] reimport | 正在准备重新导入文件……
[  75% ] reimport | 正在准备重新导入文件……
[  75% ] reimport | 正在准备重新导入文件……
[  75% ] reimport | 正在准备重新导入文件……
[  76% ] reimport | 正在准备重新导入文件……
[  76% ] reimport | 正在准备重新导入文件……
[  76% ] reimport | 正在准备重新导入文件……
[  76% ] reimport | 正在准备重新导入文件……
[  76% ] reimport | 正在准备重新导入文件……
[  77% ] reimport | 正在准备重新导入文件……
[  77% ] reimport | 正在准备重新导入文件……
[  77% ] reimport | 正在准备重新导入文件……
[  77% ] reimport | 正在准备重新导入文件……
[  77% ] reimport | 正在准备重新导入文件……
[  77% ] reimport | 正在准备重新导入文件……
[  78% ] reimport | 正在准备重新导入文件……
[  78% ] reimport | 正在准备重新导入文件……
[  78% ] reimport | 正在准备重新导入文件……
[  78% ] reimport | 正在准备重新导入文件……
[  78% ] reimport | 正在准备重新导入文件……
[  79% ] reimport | 正在准备重新导入文件……
[  79% ] reimport | 正在准备重新导入文件……
[  79% ] reimport | 正在准备重新导入文件……
[  79% ] reimport | 正在准备重新导入文件……
[  79% ] reimport | 正在准备重新导入文件……
[  80% ] reimport | 正在准备重新导入文件……
[  80% ] reimport | 正在准备重新导入文件……
[  80% ] reimport | 正在准备重新导入文件……
[  80% ] reimport | 正在准备重新导入文件……
[  80% ] reimport | 正在准备重新导入文件……
[  80% ] reimport | 正在准备重新导入文件……
[  81% ] reimport | 正在准备重新导入文件……
[  81% ] reimport | 正在准备重新导入文件……
[  81% ] reimport | 正在准备重新导入文件……
[  81% ] reimport | 正在准备重新导入文件……
[  81% ] reimport | 正在准备重新导入文件……
[  82% ] reimport | 正在准备重新导入文件……
[  82% ] reimport | 正在准备重新导入文件……
[  82% ] reimport | 正在准备重新导入文件……
[  82% ] reimport | 正在准备重新导入文件……
[  82% ] reimport | 正在准备重新导入文件……
[  82% ] reimport | 正在准备重新导入文件……
[  83% ] reimport | 正在准备重新导入文件……
[  83% ] reimport | 正在准备重新导入文件……
[  83% ] reimport | 正在准备重新导入文件……
[  83% ] reimport | 正在准备重新导入文件……
[  83% ] reimport | 正在准备重新导入文件……
[  84% ] reimport | 正在准备重新导入文件……
[  84% ] reimport | 正在准备重新导入文件……
[  84% ] reimport | 正在准备重新导入文件……
[  84% ] reimport | 正在准备重新导入文件……
[  84% ] reimport | 正在准备重新导入文件……
[  84% ] reimport | 正在准备重新导入文件……
[  85% ] reimport | 正在准备重新导入文件……
[  85% ] reimport | 正在准备重新导入文件……
[  85% ] reimport | 正在准备重新导入文件……
[  85% ] reimport | 正在准备重新导入文件……
[  85% ] reimport | 正在准备重新导入文件……
[  86% ] reimport | 正在准备重新导入文件……
[  86% ] reimport | 正在准备重新导入文件……
[  86% ] reimport | 正在准备重新导入文件……
[  86% ] reimport | 正在准备重新导入文件……
[  86% ] reimport | 正在准备重新导入文件……
[  86% ] reimport | 正在准备重新导入文件……
[  87% ] reimport | 正在准备重新导入文件……
[  87% ] reimport | 正在准备重新导入文件……
[  87% ] reimport | 正在准备重新导入文件……
[  87% ] reimport | 正在准备重新导入文件……
[  87% ] reimport | 正在准备重新导入文件……
[  88% ] reimport | 正在准备重新导入文件……
[  88% ] reimport | 正在准备重新导入文件……
[  88% ] reimport | 正在准备重新导入文件……
[  88% ] reimport | 正在准备重新导入文件……
[  88% ] reimport | 正在准备重新导入文件……
[  88% ] reimport | 正在准备重新导入文件……
[  89% ] reimport | 正在准备重新导入文件……
[  89% ] reimport | 正在准备重新导入文件……
[  89% ] reimport | 正在准备重新导入文件……
[  89% ] reimport | 正在准备重新导入文件……
[  89% ] reimport | 正在准备重新导入文件……
[  90% ] reimport | 正在准备重新导入文件……
[  90% ] reimport | 正在准备重新导入文件……
[  90% ] reimport | 正在准备重新导入文件……
[  90% ] reimport | 正在准备重新导入文件……
[  90% ] reimport | 正在准备重新导入文件……
[  91% ] reimport | 正在准备重新导入文件……
[  91% ] reimport | 正在准备重新导入文件……
[  91% ] reimport | 正在准备重新导入文件……
[  91% ] reimport | 正在准备重新导入文件……
[  91% ] reimport | 正在准备重新导入文件……
[  91% ] reimport | 正在准备重新导入文件……
[  92% ] reimport | 正在准备重新导入文件……
[  92% ] reimport | 正在准备重新导入文件……
[  92% ] reimport | 正在准备重新导入文件……
[  92% ] reimport | 正在准备重新导入文件……
[  92% ] reimport | 正在准备重新导入文件……
[  93% ] reimport | 正在准备重新导入文件……
[  93% ] reimport | 正在准备重新导入文件……
[  93% ] reimport | 正在准备重新导入文件……
[  93% ] reimport | 正在准备重新导入文件……
[  93% ] reimport | 正在准备重新导入文件……
[  93% ] reimport | 正在准备重新导入文件……
[  94% ] reimport | 正在准备重新导入文件……
[  94% ] reimport | 正在准备重新导入文件……
[  94% ] reimport | 正在准备重新导入文件……
[  94% ] reimport | 正在准备重新导入文件……
[  94% ] reimport | 正在准备重新导入文件……
[  95% ] reimport | 正在准备重新导入文件……
[  95% ] reimport | 正在准备重新导入文件……
[  95% ] reimport | 正在准备重新导入文件……
[  95% ] reimport | 正在准备重新导入文件……
[  95% ] reimport | 正在准备重新导入文件……
[  95% ] reimport | 正在准备重新导入文件……
[  96% ] reimport | 正在准备重新导入文件……
[  96% ] reimport | 正在准备重新导入文件……
[  96% ] reimport | 正在准备重新导入文件……
[  96% ] reimport | 正在准备重新导入文件……
[  96% ] reimport | 正在准备重新导入文件……
[  97% ] reimport | 正在准备重新导入文件……
[  97% ] reimport | 正在准备重新导入文件……
[  97% ] reimport | 正在准备重新导入文件……
[  97% ] reimport | 正在准备重新导入文件……
[  97% ] reimport | 正在准备重新导入文件……
[  97% ] reimport | 正在准备重新导入文件……
[  98% ] reimport | 正在准备重新导入文件……
[  98% ] reimport | 正在准备重新导入文件……
[  98% ] reimport | 正在准备重新导入文件……
[  98% ] reimport | 正在准备重新导入文件……
[  98% ] reimport | 正在准备重新导入文件……
[  99% ] reimport | 正在准备重新导入文件……
[  99% ] reimport | 正在准备重新导入文件……
[  99% ] reimport | 正在准备重新导入文件……
[  99% ] reimport | 正在准备重新导入文件……
[   0% ] reimport | 正在执行重新导入的前置操作……
[   0% ] reimport | NotoSansHans-Black.otf
[   0% ] reimport | IPix.ttf
[   0% ] reimport | GNU-Unifont-17.0.05.otf
res://resources/font/GNU-Unifont-17.0.05.otf: Pixel font detected, disabling subpixel positioning.
[   0% ] reimport | NotoSansHans-Black.otf
[   0% ] reimport | IPix.ttf
[   0% ] reimport | NotoSansHans-Black.otf
[   1% ] reimport | IPix.ttf
[   1% ] reimport | NotoSansHans-Black.otf
[   1% ] reimport | IPix.ttf
[   1% ] reimport | GNU-Unifont-17.0.05.otf
[   1% ] reimport | 1-29 Journey of the Prairie King (Final Boss & Ending).mp3
[   2% ] reimport | 1-28 Journey of the Prairie King (The Outlaw).mp3
[   2% ] reimport | rogue_route_cave.ogg
[   2% ] reimport | shenmu_combat_starting.ogg
[   2% ] reimport | corn_body_idle_2.png
[   2% ] reimport | corn_body_idle_3.png
[   2% ] reimport | corn_muzzle_flash_0.png
[   3% ] reimport | corn_muzzle_flash_1.png
[   3% ] reimport | corn_turret_idle_0.png
[   3% ] reimport | corn_turret_spin_0.png
[   3% ] reimport | corn_turret_spin_1.png
[   3% ] reimport | corn_turret_spin_2.png
[   4% ] reimport | corn_turret_spin_3.png
[   4% ] reimport | icon.png
[   4% ] reimport | excavator.png
[   4% ] reimport | firing_grapes.png
[   4% ] reimport | icon.png
[   4% ] reimport | idle.png
[   5% ] reimport | charge_6.png
[   5% ] reimport | charge_7.png
[   5% ] reimport | explosion_0.png
[   5% ] reimport | explosion_1.png
[   5% ] reimport | explosion_2.png
[   6% ] reimport | explosion_3.png
[   6% ] reimport | explosion_4.png
[   6% ] reimport | explosion_5.png
[   6% ] reimport | explosion_6.png
[   6% ] reimport | explosion_7.png
[   6% ] reimport | fire_0.png
[   7% ] reimport | fire_1.png
[   7% ] reimport | fire_2.png
[   7% ] reimport | fire_3.png
[   7% ] reimport | shell.png
[   7% ] reimport | corn_body_idle_0.png
[   8% ] reimport | corn_body_idle_1.png
[   8% ] reimport | research_center.png
[   8% ] reimport | simple_fence_connector.png
[   8% ] reimport | boot_foreground.png
[   8% ] reimport | speed_tower.png
[   8% ] reimport | vegetation_stake_glow.png
[   9% ] reimport | water_collector_progress_ring.svg
[   9% ] reimport | hoe.png
[   9% ] reimport | hoe_cat_attack.png
[   9% ] reimport | hoe_cat_basic_slash_vfx.png
[   9% ] reimport | hoe_cat_death.png
[  10% ] reimport | hoe_cat_move.png
[  10% ] reimport | hoe_cat_whirlwind_body.png
[  10% ] reimport | hoe_cat_whirlwind_vfx.png
[  10% ] reimport | portrait.png
[  10% ] reimport | snow_wolf_pojun_sword.png
[  11% ] reimport | whirlwind_icon.png
[  11% ] reimport | portrait.png
[  11% ] reimport | skill1_icon.png
[  11% ] reimport | side_grapes.png
[  11% ] reimport | support.png
[  11% ] reimport | rain.png
[  12% ] reimport | heart_foreground.png
[  12% ] reimport | lower_body.png
[  12% ] reimport | life_tower.png
[  12% ] reimport | oak_warehouse_panel_background.png
[  12% ] reimport | body.png
[  13% ] reimport | glass_cycle_glow.png
[  13% ] reimport | icon.png
[  13% ] reimport | orange_layers_glow.png
[  13% ] reimport | lower_body.png
[  13% ] reimport | upper_canopy.png
[  13% ] reimport | lower_body.png
[  14% ] reimport | upper_foreground.png
[  14% ] reimport | plant_cultivation_center.png
[  14% ] reimport | lower_body.png
[  14% ] reimport | upper_foreground.png
[  14% ] reimport | agave_body_idle_0.png
[  15% ] reimport | gambler_ticket.png
[  15% ] reimport | underground_church_wall_torch.png
[  15% ] reimport | yuanshi_insect_purple_bomber.png
[  15% ] reimport | yuanshi_insect_guardian.png
[  15% ] reimport | yuanshi_insect_green_shell.png
[  15% ] reimport | yuanshi_insect_fire_ranged.png
[  16% ] reimport | yuanshi_insect.png
[  16% ] reimport | slime_green.png
[  16% ] reimport | slime_golden.png
[  16% ] reimport | slime_frost.png
[  16% ] reimport | slime_fire.png
[  17% ] reimport | slime.png
[  17% ] reimport | capoo_swordsman.png
[  17% ] reimport | capoo_sniper.png
[  17% ] reimport | capoo_smg.png
[  17% ] reimport | slime_frost.png
[  17% ] reimport | slime_golden.png
[  18% ] reimport | slime_green.png
[  18% ] reimport | frost_sorcerer.png
[  18% ] reimport | frost_sorcerer_elite.png
[  18% ] reimport | frost_sorcerer_elite_move.png
[  18% ] reimport | frost_sorcerer_ice_spike.png
[  19% ] reimport | frost_sorcerer_move.png
[  19% ] reimport | lightning_sorcerer.png
[  19% ] reimport | lightning_sorcerer_elite.png
[  19% ] reimport | lightning_sorcerer_elite_move.png
[  19% ] reimport | lightning_sorcerer_move.png
[  20% ] reimport | capoo_ak47.png
[  20% ] reimport | capoo_knight.png
[  20% ] reimport | capoo_knight_elite.png
[  20% ] reimport | capoo_mage.png
[  20% ] reimport | capoo_rpg.png
[  20% ] reimport | upper_charge_2.png
[  21% ] reimport | upper_charge_3.png
[  21% ] reimport | upper_charge_4.png
[  21% ] reimport | upper_charge_5.png
[  21% ] reimport | upper_charge_6.png
[  21% ] reimport | upper_charge_7.png
[  22% ] reimport | upper_fire_0.png
[  22% ] reimport | upper_fire_1.png
[  22% ] reimport | upper_fire_2.png
[  22% ] reimport | upper_fire_3.png
[  22% ] reimport | upper_idle.png
[  22% ] reimport | charge_0.png
[  23% ] reimport | charge_1.png
[  23% ] reimport | charge_2.png
[  23% ] reimport | charge_3.png
[  23% ] reimport | charge_4.png
[  23% ] reimport | charge_5.png
[  24% ] reimport | agave_body_idle_1.png
[  24% ] reimport | agave_body_idle_2.png
[  24% ] reimport | agave_body_idle_3.png
[  24% ] reimport | agave_cannonball.png
[  24% ] reimport | agave_cannon_fire_0.png
[  24% ] reimport | agave_cannon_fire_1.png
[  25% ] reimport | agave_cannon_fire_2.png
[  25% ] reimport | agave_cannon_fire_3.png
[  25% ] reimport | agave_cannon_fire_4.png
[  25% ] reimport | agave_cannon_idle_0.png
[  25% ] reimport | icon.png
[  26% ] reimport | speed_foreground.png
[  26% ] reimport | attack_speed_tower.png
[  26% ] reimport | lower_active.png
[  26% ] reimport | lower_idle.png
[  26% ] reimport | upper_charge_0.png
[  26% ] reimport | upper_charge_1.png
[  27% ] reimport | network_public.png
[  27% ] reimport | network_lan.png
[  27% ] reimport | mode_tower_defense.png
[  27% ] reimport | mode_test_p2.png
[  27% ] reimport | mode_test_p1.png
[  28% ] reimport | mode_standard.png
[  28% ] reimport | action_start_game.png
[  28% ] reimport | action_create_room.png
[  28% ] reimport | quick_use_badge.png
[  28% ] reimport | shop_title_plaque_v1.png
[  28% ] reimport | shop_product_card_pressed_v2.png
[  29% ] reimport | shop_product_card_normal_v2.png
[  29% ] reimport | shop_product_card_hover_v2.png
[  29% ] reimport | shop_product_card_disabled_v2.png
[  29% ] reimport | shop_panel_frame_v1.png
[  29% ] reimport | shop_button_pressed_v1.png
[  30% ] reimport | node_magical_encounter_b_ref_v3.png
[  30% ] reimport | node_normal_combat_b_active_ref_v3.png
[  30% ] reimport | node_normal_combat_b_ref_v3.png
[  30% ] reimport | node_underground_shop_b_ref_v3.png
[  30% ] reimport | node_wilderness_resource_ref_v3.png
[  31% ] reimport | rare_chest_tableau.png
[  31% ] reimport | supply_choice_panel.png
[  31% ] reimport | supply_tableau.png
[  31% ] reimport | hud_ap_icon.png
[  31% ] reimport | hud_location_icon.png
[  31% ] reimport | normal_combat_briefing_visual.png
[  32% ] reimport | party_marker.png
[  32% ] reimport | route_move_confirmation_frame.png
[  32% ] reimport | underground_ruins_background.png
[  32% ] reimport | shop_button_disabled_v1.png
[  32% ] reimport | shop_button_hover_v1.png
[  33% ] reimport | shop_button_normal_v1.png
[  33% ] reimport | profile_tab_hovered.png
[  33% ] reimport | profile_tab_selected.png
[  33% ] reimport | profile_tab_unselected.png
[  33% ] reimport | upgrade_attack.png
[  33% ] reimport | upgrade_dodge.png
[  34% ] reimport | upgrade_health.png
[  34% ] reimport | upgrade_panel_surface.png
[  34% ] reimport | upgrade_speed.png
[  34% ] reimport | xiaocong_fate_stone.png
[  34% ] reimport | xiaocong_idle.png
[  35% ] reimport | xirang_icon.png
[  35% ] reimport | zhuangfangyi_idle.png
[  35% ] reimport | zhuangfangyi_idle_hd.png
[  35% ] reimport | zhuangfangyi_idle_hd_v2.png
[  35% ] reimport | 动态瓦片.png
[  35% ] reimport | 瓦片.png
[  36% ] reimport | icon.svg
[  36% ] reimport | choice_panel_dew.png
[  36% ] reimport | choice_panel_moon.png
[  36% ] reimport | choice_panel_seed.png
[  36% ] reimport | fate_garden_backdrop.png
[  37% ] reimport | xiaocong_keypose_hd.png
[  37% ] reimport | apple_collectible.png
[  37% ] reimport | app_icon_ak_capoo.png
[  37% ] reimport | collectible_sakura_explosion.png
[  37% ] reimport | defeat_window_background.png
[  37% ] reimport | icon.png
[  38% ] reimport | item_category_badge_collectible.png
[  38% ] reimport | item_category_badge_item.png
[  38% ] reimport | item_detail_panel_bg.png
[  38% ] reimport | luoxi_idle.png
[  38% ] reimport | luoxi_idle_hd.png
[  39% ] reimport | player_profile_background.png
[  39% ] reimport | profile_gun_icon.png
[  39% ] reimport | research_center_panel_background.png
[  39% ] reimport | mirage_tiles.png
[  39% ] reimport | mirage_surfaces.png
[  40% ] reimport | mirage_props.png
[  40% ] reimport | mirage_icon.png
[  40% ] reimport | water_collector_panel_background.png
[  40% ] reimport | production_panel_background.png
[  40% ] reimport | production_loop_icon.svg
[  40% ] reimport | plant_cultivation_center_panel_background.png
[  41% ] reimport | skill1_projectile.png
[  41% ] reimport | skill1_light_explosion.png
[  41% ] reimport | skill1_icon.png
[  41% ] reimport | skill1_explosion.png
[  41% ] reimport | portrait.png
[  42% ] reimport | body.png
[  42% ] reimport | armed_effect.png
[  42% ] reimport | tango_cast_unit.png
[  42% ] reimport | tango_death.png
[  42% ] reimport | tango_electric_surge_field_vfx.png
[  42% ] reimport | tango_idle_front_32.png
[  43% ] reimport | tango_laser_bullet.png
[  43% ] reimport | tango_move.png
[  43% ] reimport | 24x24_backup.png
[  43% ] reimport | armed_effect.png
[  43% ] reimport | body.png
[  44% ] reimport | high_noon_cast.png
[  44% ] reimport | movement.png
[  44% ] reimport | portrait.png
[  44% ] reimport | skill1_icon.png
[  44% ] reimport | sniper_bullet.png
[  44% ] reimport | sniper_hit.png
[  45% ] reimport | mini_combat_car.png
[  45% ] reimport | mini_combat_car_wheel_roll.png
[  45% ] reimport | inventory_bag_icon_ref_v3.png
[  45% ] reimport | inventory_bar_backplate_ref_v4.png
[  45% ] reimport | inventory_bar_center_tile_ref_v4.png
[  46% ] reimport | inventory_scroll_left_ref_v3.png
[  46% ] reimport | inventory_scroll_right_ref_v3.png
[  46% ] reimport | inventory_slot_empty_ref_v3.png
[  46% ] reimport | inventory_slot_selected_ref_v3.png
[  46% ] reimport | route_link_cross_ref_v3.png
[  46% ] reimport | route_link_horizontal_ref_v3.png
[  47% ] reimport | route_link_junction_ref_v3.png
[  47% ] reimport | route_link_terminal_ref_v3.png
[  47% ] reimport | route_link_vertical_ref_v3.png
[  47% ] reimport | node_ring_active_ref_v3.png
[  47% ] reimport | node_ring_neutral_ref_v3.png
[  48% ] reimport | node_emergency_combat_a_ref_v3.png
[  48% ] reimport | node_empty_ref_v4.png
[  48% ] reimport | node_gift_b_ref_v3.png
[  48% ] reimport | abandoned_mine_background.png
[  48% ] reimport | underground_church_background.png
[  48% ] reimport | underground_sewer_background.png
[  49% ] reimport | chicken_bro.png
[  49% ] reimport | deep_sea_ruins.png
[  49% ] reimport | encounter_panel_frame.png
[  49% ] reimport | fluorescent_pit.png
[  49% ] reimport | ghost_shadow.png
[  50% ] reimport | invisible_sea_cucumber.png
[  50% ] reimport | suitcase_frenzy.png
[  50% ] reimport | talking_slime_group.png
[  50% ] reimport | hud_action_points_v4.png
[  50% ] reimport | hud_core_life_v4.png
[  51% ] reimport | hud_core_life_v5.png
[  51% ] reimport | hud_light_stone_v1.png
[  51% ] reimport | inventory_bag_button_ref_v3.png
[  51% ] reimport | inventory_bag_frame_ref_v3.png
[  51% ] reimport | drum_magazine.png
[  51% ] reimport | dragon_heart.png
[  52% ] reimport | crystal_compass.png
[  52% ] reimport | copper_sword.png
[  52% ] reimport | copper_gear.png
[  52% ] reimport | clay_totem.png
[  52% ] reimport | chipped_ruby.png
[  53% ] reimport | charged_jade_pendant.png
[  53% ] reimport | celestial_ring.png
[  53% ] reimport | capacity_spring.png
[  53% ] reimport | candle_stub.png
[  53% ] reimport | campfire_coal.png
[  53% ] reimport | bone_needle.png
[  54% ] reimport | blue_quartz.png
[  54% ] reimport | blue_mushroom.png
[  54% ] reimport | blood_trident.png
[  54% ] reimport | blink_crystal.png
[  54% ] reimport | battle_standard.png
[  55% ] reimport | basketball.png
[  55% ] reimport | banana.png
[  55% ] reimport | auto_loader.png
[  55% ] reimport | archer_sigil.png
[  55% ] reimport | archer.png
[  55% ] reimport | apprentice_scroll.png
[  56% ] reimport | amethyst.png
[  56% ] reimport | alchemist_vial.png
[  56% ] reimport | admin_doll.png
[  56% ] reimport | skill2_sakura_rocket.png
[  56% ] reimport | leaf_cloak.png
[  57% ] reimport | kingslayer_blade.png
[  57% ] reimport | jade_fish.png
[  57% ] reimport | iron_dagger.png
[  57% ] reimport | ironwood_seed.png
[  57% ] reimport | hunters_bow.png
[  57% ] reimport | high_speed_loader.png
[  58% ] reimport | herbal_bundle.png
[  58% ] reimport | heavy_gauntlet.png
[  58% ] reimport | gun_oil.png
[  58% ] reimport | guardian_badge.png
[  58% ] reimport | gray_gem.png
[  59% ] reimport | gold_wine_cup.png
[  59% ] reimport | gold_apple.png
[  59% ] reimport | goat_horn.png
[  59% ] reimport | glass_marble.png
[  59% ] reimport | glacier_orb.png
[  60% ] reimport | frost_totem.png
[  60% ] reimport | frost_crystal.png
[  60% ] reimport | fox_coin.png
[  60% ] reimport | flying_envelope.png
[  60% ] reimport | flame_trident.png
[  60% ] reimport | extended_magazine.png
[  61% ] reimport | emerald.png
[  61% ] reimport | ember_leaf.png
[  61% ] reimport | eclipse_amulet.png
[  61% ] reimport | echo_drum.png
[  61% ] reimport | dual_row_feeder.png
[  62% ] reimport | dual_ammo_chamber.png
[  62% ] reimport | dual_grid_alpha_masks_32.png
[  62% ] reimport | dual_grid_alpha_masks_16.png
[  62% ] reimport | dirt_clay_details_32.png
[  62% ] reimport | dirt_clay_details_16.png
[  62% ] reimport | research_center_hotspots.svg
[  63% ] reimport | plant_cultivation_center_hotspots.svg
[  63% ] reimport | planting_base_hotspots.svg
[  63% ] reimport | collectible_icon_processed_preview.png
[  63% ] reimport | collectible_icon_audit.png
[  63% ] reimport | collectible_expansion_audit.png
[  64% ] reimport | topaz.png
[  64% ] reimport | tianshi_stake.png
[  64% ] reimport | thunder_crystal.png
[  64% ] reimport | swift_crystal.png
[  64% ] reimport | speed_ring.png
[  64% ] reimport | ruby.png
[  65% ] reimport | power_ring.png
[  65% ] reimport | physical_ring.png
[  65% ] reimport | moon_amulet.png
[  65% ] reimport | magic_ring.png
[  65% ] reimport | life_ring.png
[  66% ] reimport | life_crystal.png
[  66% ] reimport | gray_gem.png
[  66% ] reimport | gold_wine_cup.png
[  66% ] reimport | frost_crystal.png
[  66% ] reimport | emerald.png
[  66% ] reimport | amethyst.png
[  67% ] reimport | admin_doll.png
[  67% ] reimport | skill2_sakura_explosion.png
[  67% ] reimport | skill1_sakura_bullet.png
[  67% ] reimport | sakura_petal.png
[  67% ] reimport | sakura_convergence.png
[  68% ] reimport | nameplate.png
[  68% ] reimport | move.png
[  68% ] reimport | idle.png
[  68% ] reimport | health_frame.png
[  68% ] reimport | health_fill.png
[  68% ] reimport | die.png
[  69% ] reimport | attack.png
[  69% ] reimport | attack backup.png
[  69% ] reimport | tilled_soil_full_tile_16.png
[  69% ] reimport | tilled_soil_dual_grid_atlas_32.png
[  69% ] reimport | tilled_soil_dual_grid_atlas_16.png
[  70% ] reimport | terrain_dual_grid_placeholders_32.png
[  70% ] reimport | terrain_dual_grid_placeholders_16.png
[  70% ] reimport | sky_blue_water_reference_tile_32.png
[  70% ] reimport | sky_blue_water_dual_grid_atlas_32.png
[  70% ] reimport | sky_blue_water_dual_grid_atlas_16.png
[  71% ] reimport | sky_blue_water_dual_grid_animation_32.png
[  71% ] reimport | sky_blue_water_dual_grid_animation_16.png
[  71% ] reimport | meadow_grass_dual_grid_atlas_32.png
[  71% ] reimport | meadow_grass_dual_grid_atlas_16.png
[  71% ] reimport | gray_metal_floor_reference_tile_32.png
[  71% ] reimport | gray_metal_floor_dual_grid_atlas_32.png
[  72% ] reimport | gray_metal_floor_dual_grid_atlas_16.png
[  72% ] reimport | grass_flower_details_32.png
[  72% ] reimport | grass_flower_details_16.png
[  72% ] reimport | cardboard_monster_large.png
[  72% ] reimport | cardboard_monster.png
[  73% ] reimport | windwalk_potion.png
[  73% ] reimport | void_battery.png
[  73% ] reimport | skill_charge_battery.png
[  73% ] reimport | sea_cucumber.png
[  73% ] reimport | rock_potion.png
[  73% ] reimport | regeneration_potion.png
[  74% ] reimport | phantom_potion.png
[  74% ] reimport | magic_resistance_potion.png
[  74% ] reimport | large_skill_charge_battery.png
[  74% ] reimport | large_rock_potion.png
[  74% ] reimport | large_regeneration_potion.png
[  75% ] reimport | large_magic_resistance_potion.png
[  75% ] reimport | large_healing_potion.png
[  75% ] reimport | guardian_mixture.png
[  75% ] reimport | focus_potion.png
[  75% ] reimport | battle_spirit_potion.png
[  75% ] reimport | world_seed.png
[  76% ] reimport | wool_charm.png
[  76% ] reimport | wooden_buckler.png
[  76% ] reimport | wind_charm.png
[  76% ] reimport | warm_bread.png
[  76% ] reimport | void_crown.png
[  77% ] reimport | triple_ammo_chamber.png
[  77% ] reimport | training_arrow.png
[  77% ] reimport | topaz_chip.png
[  77% ] reimport | topaz.png
[  77% ] reimport | slime_fire.png
[  77% ] reimport | combat_robot_suicide_drone_elite.png
[  78% ] reimport | combat_robot_suicide_drone.png
[  78% ] reimport | combat_robot_shield_bearer_fx.png
[  78% ] reimport | combat_robot_shield_bearer_elite_fx.png
[  78% ] reimport | combat_robot_shield_bearer_elite.png
[  78% ] reimport | combat_robot_shield_bearer.png
[  79% ] reimport | combat_robot_ninja_elite.png
[  79% ] reimport | combat_robot_ninja.png
[  79% ] reimport | combat_robot_mechanical_explosion_elite.png
[  79% ] reimport | combat_robot_mechanical_explosion.png
[  79% ] reimport | combat_robot_main_battle_elite.png
[  80% ] reimport | combat_robot_gunner_elite_bullet.png
[  80% ] reimport | combat_robot_gunner_elite.png
[  80% ] reimport | combat_robot_gunner_bullet.png
[  80% ] reimport | combat_robot_gunner.png
[  80% ] reimport | combat_robot_elite.png
[  80% ] reimport | combat_robot_drone_target_marker_elite.png
[  81% ] reimport | combat_robot_drone_target_marker.png
[  81% ] reimport | combat_robot_drone_operator_elite.png
[  81% ] reimport | combat_robot_drone_operator.png
[  81% ] reimport | combat_robot.png
[  81% ] reimport | capoo_sniper_lock_reticle.png
[  82% ] reimport | capoo_smg_bullet.png
[  82% ] reimport | capoo_rpg_rocket.png
[  82% ] reimport | capoo_rpg_explosion.png
[  82% ] reimport | capoo_mage_fireball.png
[  82% ] reimport | capoo_ak47_bullet.png
[  82% ] reimport | stone_golem_elite.png
[  83% ] reimport | roller_skates.png
[  83% ] reimport | river_shell.png
[  83% ] reimport | red_mushroom.png
[  83% ] reimport | rain_bead.png
[  83% ] reimport | quick_load_belt.png
[  84% ] reimport | quick_feather.png
[  84% ] reimport | pure_charge_crystal.png
[  84% ] reimport | prism_lens.png
[  84% ] reimport | power_wheel.png
[  84% ] reimport | power_ring.png
[  84% ] reimport | pocket_anvil.png
[  85% ] reimport | physical_ring.png
[  85% ] reimport | phoenix_feather.png
[  85% ] reimport | philosopher_stone.png
[  85% ] reimport | pebble_shield.png
[  85% ] reimport | orange.png
[  86% ] reimport | oracle_cube.png
[  86% ] reimport | oil_lamp.png
[  86% ] reimport | obsidian_key.png
[  86% ] reimport | nine_eleven.png
[  86% ] reimport | moss_agate.png
[  86% ] reimport | moon_pin.png
[  87% ] reimport | moon_amulet.png
[  87% ] reimport | mirror_shield.png
[  87% ] reimport | medieval_shield.png
[  87% ] reimport | magic_ring.png
[  87% ] reimport | lucky_gem.png
[  88% ] reimport | life_ring.png
[  88% ] reimport | life_crystal.png
[  88% ] reimport | silver_mask.png
[  88% ] reimport | simple_magazine.png
[  88% ] reimport | spark_bottle.png
[  88% ] reimport | speed_ring.png
[  89% ] reimport | spellblade.png
[  89% ] reimport | steel_longsword.png
[  89% ] reimport | stone_tablet.png
[  89% ] reimport | storm_core.png
[  89% ] reimport | sun_brooch.png
[  90% ] reimport | sun_moon_relic.png
[  90% ] reimport | swift_boot.png
[  90% ] reimport | swift_crystal.png
[  90% ] reimport | tarnished_medal.png
[  90% ] reimport | thorn_shield.png
[  91% ] reimport | thunder_crown.png
[  91% ] reimport | thunder_crystal.png
[  91% ] reimport | thunder_god_idol.png
[  91% ] reimport | tianshi_stake.png
[  91% ] reimport | tiny_bell.png
[  91% ] reimport | tin_ring.png
[  92% ] reimport | titan_helm.png
[  92% ] reimport | royal_goblet.png
[  92% ] reimport | royal_goblet.png
[  92% ] reimport | NotoSansHans-Black.otf
[  92% ] reimport | IPix.ttf
[  92% ] reimport | GNU-Unifont-17.0.05.otf
[  93% ] reimport | 1-29 Journey of the Prairie King (Final Boss & Ending).mp3
[  93% ] reimport | 1-28 Journey of the Prairie King (The Outlaw).mp3
[  93% ] reimport | rogue_route_cave.ogg
[  93% ] reimport | shenmu_combat_starting.ogg
[  93% ] reimport | corn_body_idle_2.png
[  93% ] reimport | corn_body_idle_3.png
[  94% ] reimport | corn_muzzle_flash_0.png
[  94% ] reimport | corn_muzzle_flash_1.png
[  94% ] reimport | corn_turret_idle_0.png
[  94% ] reimport | corn_turret_spin_0.png
[  94% ] reimport | corn_turret_spin_1.png
[  95% ] reimport | corn_turret_spin_2.png
[  95% ] reimport | corn_turret_spin_3.png
[  95% ] reimport | icon.png
[  95% ] reimport | excavator.png
[  95% ] reimport | firing_grapes.png
[  95% ] reimport | icon.png
[  96% ] reimport | idle.png
[  96% ] reimport | charge_6.png
[  96% ] reimport | charge_7.png
[  96% ] reimport | explosion_0.png
[  96% ] reimport | explosion_1.png
[  97% ] reimport | explosion_2.png
[  97% ] reimport | explosion_3.png
[  97% ] reimport | explosion_4.png
[  97% ] reimport | explosion_5.png
[  97% ] reimport | explosion_6.png
[  97% ] reimport | explosion_7.png
[  98% ] reimport | fire_0.png
[  98% ] reimport | fire_1.png
[  98% ] reimport | fire_2.png
[  98% ] reimport | fire_3.png
[  98% ] reimport | shell.png
[  99% ] reimport | corn_body_idle_0.png
[  99% ] reimport | corn_body_idle_1.png
[  99% ] reimport | research_center.png
[  99% ] reimport | simple_fence_connector.png
[  99% ] reimport | 正在结束资产导入……
[ DONE ] reimport

[   0% ] reimport | Started 正在导入或重新导入资产 (544 steps)
[   0% ] reimport | 正在执行重新导入的后置操作……
[ DONE ] reimport

[   0% ] loading_editor_layout | Started 正在加载编辑器 (5 steps)
[   0% ] loading_editor_layout | 正在加载编辑器布局……
[  16% ] loading_editor_layout | 正在加载停靠面板……
[ DONE ] loading_editor_layout

